gene_ko,RNA_ID,Monomer_ID,Process,KO_index
alr,EG10001_RNA,ALARACEBIOSYN-MONOMER,Metabolism,1
modB,EG10002_RNA,MODB-MONOMER,Metabolism,2
cysZ,EG10003_RNA,EG10003-MONOMER,Metabolism,3
dfp,EG10004_RNA,EG10004-MONOMER,Metabolism,4
dcuB,EG10006_RNA,DCUB-MONOMER,Metabolism,5
hisM,EG10007_RNA,HISM-MONOMER,Metabolism,6
cydC,EG10012_RNA,CYDC-MONOMER,Metabolism,9
mepM,EG10013_RNA,EG10013-MONOMER,Metabolism,10
acrD,EG10014_RNA,ACRD-MONOMER,Metabolism,11
garL,EG10016_RNA,KDGALDOL-MONOMER,Metabolism,13
ispB,EG10017_RNA,OPPSYN-MONOMER,Metabolism,14
yjiA,EG10021_RNA,EG10021-MONOMER,Metabolism,17
aceA,EG10022_RNA,ISOCIT-LYASE-MONOMER,Metabolism,18
aceB,EG10023_RNA,MALATE-SYNTHASE,Metabolism,19
aceE,EG10024_RNA,E1P-MONOMER,Metabolism,20
aceF,EG10025_RNA,E2P-MONOMER,Metabolism,21
aceK,EG10026_RNA,ICITDEHASE-KIN-PHOSPHA,Metabolism,22
ackA,EG10027_RNA,ACETATEKINA-MONOMER,Metabolism,23
pflA,EG10028_RNA,PFLACTENZ-MONOMER,Metabolism,24
ada,EG10029_RNA,PD00230,Metabolism,25
add,EG10030_RNA,ADENODEAMIN-MONOMER,Metabolism,26
adhE,EG10031_RNA,ADHE-MONOMER,Metabolism,27
adk,EG10032_RNA,ADENYL-KIN-MONOMER,Metabolism,28
agp,EG10033_RNA,GLUCOSE-1-PHOSPHAT-MONOMER,Metabolism,29
aldA,EG10035_RNA,LACTALDDEHYDROG-MONOMER,Metabolism,31
puuC,EG10036_RNA,ALDHDEHYDROG-MONOMER,Metabolism,32
alkB,EG10037_RNA,EG10037-MONOMER,Metabolism,33
amn,EG10039_RNA,AMP-NUCLEOSID-MONOMER,Metabolism,34
ampD,EG10041_RNA,EG10041-MONOMER,Metabolism,36
cysQ,EG10043_RNA,EG10043-MONOMER,Metabolism,38
ansA,EG10045_RNA,ANSA-MONOMER,Metabolism,40
ansB,EG10046_RNA,ANSB-MONOMER,Metabolism,41
apaH,EG10048_RNA,EG10048-MONOMER,Metabolism,43
appA,EG10049_RNA,APPA-MONOMER,Metabolism,44
apt,EG10051_RNA,ADENPRIBOSYLTRAN-MONOMER,Metabolism,46
araA,EG10052_RNA,ARABISOM-MONOMER,Metabolism,47
araB,EG10053_RNA,RIBULOKIN-MONOMER,Metabolism,48
araC,EG10054_RNA,PD00242,Transcription Regulation,49
araD,EG10055_RNA,RIBULPEPIM-MONOMER,Metabolism,50
araE,EG10056_RNA,ARAE-MONOMER,Metabolism,51
araF,EG10057_RNA,ARAF-MONOMER,Metabolism,52
araG,EG10058_RNA,ARAG-MONOMER,Metabolism,53
araH,EG10059_RNA,ARAH-MONOMER,Metabolism,54
arcA,EG10061_RNA,ARCA-MONOMER,Transcription Regulation,56
argA,EG10063_RNA,N-ACETYLTRANSFER-MONOMER,Metabolism,58
argB,EG10064_RNA,ACETYLGLUTKIN-MONOMER,Metabolism,59
argC,EG10065_RNA,N-ACETYLGLUTPREDUCT-MONOMER,Metabolism,60
argD,EG10066_RNA,ACETYLORNTRANSAM-MONOMER,Metabolism,61
argF,EG10067_RNA,CHAINF-MONOMER,Metabolism,62
argG,EG10068_RNA,ARGSUCCINSYN-MONOMER,Metabolism,63
argI,EG10069_RNA,CHAINI-MONOMER,Metabolism,64
argR,EG10070_RNA,PD00194,Transcription Regulation,65
argT,EG10072_RNA,ARGT-MONOMER,Metabolism,67
aroA,EG10073_RNA,AROA-MONOMER,Metabolism,68
aroB,EG10074_RNA,AROB-MONOMER,Metabolism,69
aroC,EG10075_RNA,AROC-MONOMER,Metabolism,70
aroD,EG10076_RNA,AROD-MONOMER,Metabolism,71
aroE,EG10077_RNA,AROE-MONOMER,Metabolism,72
aroF,EG10078_RNA,AROF-MONOMER,Metabolism,73
aroG,EG10079_RNA,AROG-MONOMER,Metabolism,74
aroH,EG10080_RNA,AROH-MONOMER,Metabolism,75
aroK,EG10081_RNA,AROK-MONOMER,Metabolism,76
aroL,EG10082_RNA,AROL-MONOMER,Metabolism,77
aroP,EG10084_RNA,AROP-MONOMER,Metabolism,79
ascB,EG10085_RNA,EG10085-MONOMER,Metabolism,80
ascF,EG10086_RNA,ASCF-MONOMER,Metabolism,81
asd,EG10088_RNA,ASP-SEMIALDEHYDE-DEHYDROGENASE-MONOMER,Metabolism,83
asnA,EG10091_RNA,ASNSYNA-MONOMER,Metabolism,86
asnB,EG10092_RNA,ASNSYNB-MONOMER,Metabolism,87
aspA,EG10095_RNA,ASPARTASE-MONOMER,Metabolism,90
aspC,EG10096_RNA,ASPAMINOTRANS-MONOMER,Metabolism,91
atpA,EG10098_RNA,ATPA-MONOMER,Metabolism,93
atpB,EG10099_RNA,ATPB-MONOMER,Metabolism,94
atpC,EG10100_RNA,ATPC-MONOMER,Metabolism,95
atpD,EG10101_RNA,ATPD-MONOMER,Metabolism,96
atpE,EG10102_RNA,ATPE-MONOMER,Metabolism,97
atpF,EG10103_RNA,ATPF-MONOMER,Metabolism,98
atpG,EG10104_RNA,ATPG-MONOMER,Metabolism,99
atpH,EG10105_RNA,ATPH-MONOMER,Metabolism,100
avtA,EG10107_RNA,VALINE-PYRUVATE-AMINOTRANSFER-MONOMER,Metabolism,102
bcp,EG10108_RNA,EG10108-MONOMER,Metabolism,103
betA,EG10109_RNA,CHD-MONOMER,Metabolism,104
betB,EG10110_RNA,BADH-MONOMER,Metabolism,105
betT,EG10112_RNA,BETT-MONOMER,Metabolism,107
bglB,EG10114_RNA,EG10114-MONOMER,Metabolism,109
bglF,EG10115_RNA,BGLF-MONOMER,Metabolism,110
bioA,EG10117_RNA,DAPASYN-MONOMER,Metabolism,112
bioB,EG10118_RNA,BIOTIN-SYN-MONOMER,Metabolism,113
bioC,EG10119_RNA,EG10119-MONOMER,Metabolism,114
bioD,EG10120_RNA,DETHIOBIOTIN-SYN-MONOMER,Metabolism,115
bioF,EG10121_RNA,7KAPSYN-MONOMER,Metabolism,116
bioH,EG10122_RNA,EG10122-MONOMER,Metabolism,117
birA,EG10123_RNA,BIOTINLIG-MONOMER,Metabolism,118
bisC,EG10124_RNA,EG10124-MONOMER,Metabolism,119
btuB,EG10126_RNA,EG10126-MONOMER,Metabolism,121
btuC,EG10127_RNA,BTUC-MONOMER,Metabolism,122
btuD,EG10128_RNA,BTUD-MONOMER,Metabolism,123
btuE,EG10129_RNA,BTUE-MONOMER,Metabolism,124
btuR,EG10130_RNA,COBALADENOSYLTRANS-MONOMER,Metabolism,125
cadA,EG10131_RNA,LYSDECARBOX-MONOMER,Metabolism,126
cadB,EG10132_RNA,CADB-MONOMER,Metabolism,127
carA,EG10134_RNA,CARBPSYN-SMALL,Metabolism,129
carB,EG10135_RNA,CARBPSYN-LARGE,Metabolism,130
cdd,EG10137_RNA,CYTIDEAM-MONOMER,Metabolism,132
cdh,EG10138_RNA,CDPDIGLYPYPHOSPHA-MONOMER,Metabolism,133
cdsA,EG10139_RNA,CDPDIGLYSYN-MONOMER,Metabolism,134
chbB,EG10140_RNA,CELA-MONOMER,Metabolism,135
chbC,EG10141_RNA,CELB-MONOMER,Metabolism,136
chbA,EG10142_RNA,CELC-MONOMER,Metabolism,137
chbF,EG10144_RNA,EG10144-MONOMER,Metabolism,139
cheR,EG10148_RNA,CHER-MONOMER,Metabolism,143
cheZ,EG10151_RNA,CHEZ-MONOMER,Metabolism,146
modC,EG10152_RNA,MODC-MONOMER,Metabolism,147
moeA,EG10153_RNA,EG10153-MONOMER,Metabolism,148
moeB,EG10154_RNA,EG10154-MONOMER,Metabolism,149
clpA,EG10156_RNA,EG10156-MONOMER,Metabolism,151
clpP,EG10158_RNA,EG10158-MONOMER,Metabolism,153
clpX,EG10159_RNA,EG10159-MONOMER,Metabolism,154
cpdB,EG10160_RNA,CPDB-MONOMER,Metabolism,155
cpsB,EG10161_RNA,MANNPGUANYLTRANGDP-MONOMER,Metabolism,156
cpsG,EG10162_RNA,PHOSMANMUT-MONOMER,Metabolism,157
cpxA,EG10163_RNA,CPXA-MONOMER,Metabolism,158
crp,EG10164_RNA,PD00257,Transcription Regulation,159
crr,EG10165_RNA,CRR-MONOMER,Metabolism,160
cstA,EG10167_RNA,EG10167-MONOMER,Metabolism,162
lnt,EG10168_RNA,EG10168-MONOMER,Metabolism,163
cyaA,EG10170_RNA,ADENYLATECYC-MONOMER,Metabolism,165
cybB,EG10172_RNA,CYTOCHROME-B561-MONOMER,Metabolism,166
cydA,EG10173_RNA,CYDA-MONOMER,Metabolism,167
cydB,EG10174_RNA,CYDB-MONOMER,Metabolism,168
cynS,EG10175_RNA,CYANLY-MONOMER,Metabolism,169
cynT,EG10176_RNA,CARBODEHYDRAT-MONOMER,Metabolism,170
cynX,EG10177_RNA,CYNX-MONOMER,Metabolism,171
cyoA,EG10178_RNA,CYOA-MONOMER,Metabolism,172
cyoB,EG10179_RNA,CYOB-MONOMER,Metabolism,173
cyoC,EG10180_RNA,CYOC-MONOMER,Metabolism,174
cyoD,EG10181_RNA,CYOD-MONOMER,Metabolism,175
cyoE,EG10182_RNA,HEMEOSYN-MONOMER,Metabolism,176
cysA,EG10183_RNA,CYSA-MONOMER,Metabolism,177
cysC,EG10185_RNA,ADENYLYLSULFKIN-MONOMER,Metabolism,179
cysD,EG10186_RNA,CYSD-MONOMER,Metabolism,180
cysE,EG10187_RNA,SERINE-O-ACETTRAN-MONOMER,Metabolism,181
cysG,EG10188_RNA,SIROHEMESYN-MONOMER,Metabolism,182
cysH,EG10189_RNA,PAPSSULFOTRANS-MONOMER,Metabolism,183
cysI,EG10190_RNA,BETACOMP-MONOMER,Metabolism,184
cysJ,EG10191_RNA,ALPHACOMP-MONOMER,Metabolism,185
cysK,EG10192_RNA,ACSERLYA-MONOMER,Metabolism,186
cysM,EG10193_RNA,ACSERLYB-MONOMER,Metabolism,187
cysN,EG10194_RNA,CYSN-MONOMER,Metabolism,188
cysP,EG10195_RNA,CYSP-MONOMER,Metabolism,189
cysU,EG10197_RNA,CYST-MONOMER,Metabolism,191
cysW,EG10198_RNA,CYSW-MONOMER,Metabolism,192
cytR,EG10200_RNA,PD04028,Transcription Regulation,193
dacA,EG10201_RNA,EG10201-MONOMER,Metabolism,194
dacB,EG10202_RNA,EG10202-MONOMER,Metabolism,195
dacC,EG10203_RNA,EG10203-MONOMER,Metabolism,196
dam,EG10204_RNA,EG10204-MONOMER,Metabolism,197
dapA,EG10205_RNA,DIHYDRODIPICSYN-MONOMER,Metabolism,198
dapB,EG10206_RNA,DIHYDROPICRED-MONOMER,Metabolism,199
dapD,EG10207_RNA,MONOMER0-2001,Metabolism,200
dapE,EG10208_RNA,MONOMER0-1981,Metabolism,201
dapF,EG10209_RNA,DIAMINOPIMEPIM-MONOMER,Metabolism,202
dcm,EG10211_RNA,EG10211-MONOMER,Metabolism,204
dcp,EG10212_RNA,EG10212-MONOMER,Metabolism,205
ddlA,EG10213_RNA,DALADALALIGA-MONOMER,Metabolism,206
ddlB,EG10214_RNA,DALADALALIGB-MONOMER,Metabolism,207
accD,EG10217_RNA,CARBOXYL-TRANSFERASE-BETA-MONOMER,Metabolism,210
deoA,EG10219_RNA,DEOA-MONOMER,Metabolism,212
deoB,EG10220_RNA,PPENTOMUT-MONOMER,Metabolism,213
deoC,EG10221_RNA,DEOXYRIBOSE-P-ALD-MONOMER,Metabolism,214
deoD,EG10222_RNA,DEOD-MONOMER,Metabolism,215
dgkA,EG10224_RNA,DIACYLGLYKIN-MONOMER,Metabolism,217
dgt,EG10225_RNA,DGTPTRIPHYDRO-MONOMER,Metabolism,218
dld,EG10231_RNA,DLACTDEHYDROGFAD-MONOMER,Metabolism,224
dmsA,EG10232_RNA,DMSA-MONOMER,Metabolism,225
dmsB,EG10233_RNA,DMSB-MONOMER,Metabolism,226
dmsC,EG10234_RNA,DMSC-MONOMER,Metabolism,227
dnaA,EG10235_RNA,PD03831,Transcription Regulation,228
dnaK,EG10241_RNA,EG10241-MONOMER,Metabolism,234
mltD,EG10246_RNA,EG10246-MONOMER,Metabolism,239
acpS,EG10247_RNA,HOLO-ACP-SYNTH-MONOMER,Metabolism,240
dppA,EG10248_RNA,DPPA-MONOMER,Metabolism,241
dsdA,EG10249_RNA,DSERDEAM-MONOMER,Metabolism,242
dsdX,EG10250_RNA,DSDX-MONOMER,Metabolism,243
dut,EG10251_RNA,DUTP-PYROP-MONOMER,Metabolism,244
eda,EG10256_RNA,KDPGALDOL-4OH2OXOGLUTARALDOL-MONOMER,Metabolism,249
edd,EG10257_RNA,PGLUCONDEHYDRAT-MONOMER,Metabolism,250
eno,EG10258_RNA,ENOLASE-MONOMER,Metabolism,251
entA,EG10259_RNA,ENTA-MONOMER,Metabolism,252
entC,EG10261_RNA,ENTC-MONOMER,Metabolism,254
entD,EG10262_RNA,ENTD-MONOMER,Metabolism,255
entE,EG10263_RNA,ENTE-MONOMER,Metabolism,256
lpxC,EG10265_RNA,UDPACYLGLCNACDEACETYL-MONOMER,Metabolism,258
acrE,EG10266_RNA,EG10266-MONOMER,Metabolism,259
acrF,EG10267_RNA,ACRF-MONOMER,Metabolism,260
envZ,EG10269_RNA,ENVZ-MONOMER,Metabolism,262
exbB,EG10271_RNA,EG10271-MONOMER,Metabolism,264
exbD,EG10272_RNA,EG10272-MONOMER,Metabolism,265
fabA,EG10273_RNA,FABA-MONOMER,Metabolism,266
fabB,EG10274_RNA,FABB-MONOMER,Metabolism,267
accC,EG10276_RNA,BIOTIN-CARBOXYL-MONOMER,Metabolism,269
fabH,EG10277_RNA,FABH-MONOMER,Metabolism,270
fadA,EG10278_RNA,FADA-MONOMER,Metabolism,271
fadB,EG10279_RNA,FADB-MONOMER,Metabolism,272
fadL,EG10280_RNA,EG10280-MONOMER,Metabolism,273
fbaA,EG10282_RNA,FRUCTBISALD-CLASSII-MONOMER,Metabolism,275
fbp,EG10283_RNA,F16B-MONOMER,Metabolism,276
fdhF,EG10285_RNA,FORMATEDEHYDROGH-MONOMER,Metabolism,278
fecA,EG10286_RNA,EG10286-MONOMER,Metabolism,279
fecB,EG10287_RNA,FECB-MONOMER,Metabolism,280
fecC,EG10288_RNA,FECC-MONOMER,Metabolism,281
fecD,EG10289_RNA,FECD-MONOMER,Metabolism,282
fecE,EG10290_RNA,FECE-MONOMER,Metabolism,283
fepA,EG10293_RNA,EG10293-MONOMER,Metabolism,286
fepB,EG10294_RNA,FEPB-MONOMER,Metabolism,287
fepC,EG10295_RNA,FEPC-MONOMER,Metabolism,288
fepD,EG10296_RNA,FEPD-MONOMER,Metabolism,289
fepG,EG10298_RNA,FEPG-MONOMER,Metabolism,291
fes,EG10299_RNA,EG10299-MONOMER,Metabolism,292
fhuA,EG10302_RNA,EG10302-MONOMER,Metabolism,295
fhuB,EG10303_RNA,FHUB-MONOMER,Metabolism,296
fhuC,EG10304_RNA,FHUC-MONOMER,Metabolism,297
fhuD,EG10305_RNA,FHUD-MONOMER,Metabolism,298
fhuE,EG10306_RNA,EG10306-MONOMER,Metabolism,299
lpxD,EG10316_RNA,UDPHYDROXYMYRGLUCOSAMNACETYLTRANS-MONO,Metabolism,309
fis,EG10317_RNA,PD00196,Transcription Regulation,310
fnr,EG10325_RNA,PD00197,Transcription Regulation,318
folA,EG10326_RNA,DIHYDROFOLATEREDUCT-MONOMER,Metabolism,319
folC,EG10327_RNA,FOLC-MONOMER,Metabolism,320
folD,EG10328_RNA,FOLD-MONOMER,Metabolism,321
mutM,EG10329_RNA,EG10329-MONOMER,Metabolism,322
frdA,EG10330_RNA,FUM-FLAVO,Metabolism,323
frdB,EG10331_RNA,FUM-FE-S,Metabolism,324
frdC,EG10332_RNA,FUM-MEMB1,Metabolism,325
frdD,EG10333_RNA,FUM-MEMB2,Metabolism,326
fre,EG10334_RNA,FMNREDUCT-MONOMER,Metabolism,327
fruA,EG10336_RNA,FRUA-MONOMER,Metabolism,329
fruK,EG10337_RNA,1-PFK-MONOMER,Metabolism,330
ftsI,EG10341_RNA,EG10341-MONOMER,Metabolism,334
rsmD,EG10343_RNA,EG10343-MONOMER,Metabolism,336
fucA,EG10348_RNA,FUCPALDOL-MONOMER,Metabolism,341
fucI,EG10349_RNA,FUCISOM-MONOMER,Metabolism,342
fucK,EG10350_RNA,FUCULOKIN-MONOMER,Metabolism,343
fucO,EG10351_RNA,LACTALDREDUCT-MONOMER,Metabolism,344
fucP,EG10352_RNA,FUCP-MONOMER,Metabolism,345
fucU,EG10355_RNA,EG10355-MONOMER,Metabolism,347
fumA,EG10356_RNA,FUMA-MONOMER,Metabolism,348
fumB,EG10357_RNA,FUMB-MONOMER,Metabolism,349
fumC,EG10358_RNA,FUMC-MONOMER,Metabolism,350
gabT,EG10361_RNA,GABATRANSAM-MONOMER,Metabolism,353
galE,EG10362_RNA,UDPGLUCEPIM-MONOMER,Metabolism,354
galK,EG10363_RNA,GALACTOKIN-MONOMER,Metabolism,355
galT,EG10366_RNA,GALACTURIDYLYLTRANS-MONOMER,Metabolism,358
gapA,EG10367_RNA,GAPDH-A-MONOMER,Metabolism,359
epd,EG10368_RNA,ERYTH4PDEHYDROG-MONOMER,Metabolism,360
gcd,EG10369_RNA,GLUCDEHYDROG-MONOMER,Metabolism,361
ispG,EG10370_RNA,EG10370-MONOMER,Metabolism,362
gdhA,EG10372_RNA,GDHA-MONOMER,Metabolism,364
mnmG,EG10375_RNA,EG10375-MONOMER,Metabolism,367
rsmG,EG10376_RNA,EG10376-MONOMER,Metabolism,368
glgC,EG10379_RNA,GLUC1PADENYLTRANS-MONOMER,Metabolism,371
glmS,EG10382_RNA,L-GLN-FRUCT-6-P-AMINOTRANS-MONOMER,Metabolism,374
glnA,EG10383_RNA,GLUTAMINESYN-MONOMER,Metabolism,375
glnH,EG10386_RNA,GLNH-MONOMER,Metabolism,378
glnP,EG10388_RNA,GLNP-MONOMER,Metabolism,380
glnQ,EG10389_RNA,GLNQ-MONOMER,Metabolism,381
glpA,EG10391_RNA,ANGLYC3PDEHYDROGSUBUNITA-MONOMER,Metabolism,383
glpB,EG10392_RNA,ANGLYC3PDEHYDROGSUBUNITB-MONOMER,Metabolism,384
glpC,EG10393_RNA,ANGLYC3PDEHYDROGSUBUNITC-MONOMER,Metabolism,385
glpD,EG10394_RNA,AERGLYC3PDEHYDROG-MONOMER,Metabolism,386
glpE,EG10395_RNA,EG10395-MONOMER,Metabolism,387
glpF,EG10396_RNA,GLPF-MONOMER,Metabolism,388
glpK,EG10398_RNA,GLYCEROL-KIN-MONOMER,Metabolism,390
glpQ,EG10399_RNA,GLYCPDIESTER-PERI-MONOMER,Metabolism,391
glpT,EG10401_RNA,GLPT-MONOMER,Metabolism,392
gltA,EG10402_RNA,CITSYN-MONOMER,Metabolism,393
gltB,EG10403_RNA,GLUSYNLARGE-MONOMER,Metabolism,394
gltD,EG10404_RNA,GLUSYNSMALL-MONOMER,Metabolism,395
gltP,EG10405_RNA,GLTP-MONOMER,Metabolism,396
gltS,EG10406_RNA,GLTS-MONOMER,Metabolism,397
gltX,EG10407_RNA,GLURS-MONOMER,Metabolism,398
glyA,EG10408_RNA,GLYOHMETRANS-MONOMER,Metabolism,399
gnd,EG10411_RNA,6PGLUCONDEHYDROG-MONOMER,Metabolism,402
gor,EG10412_RNA,GLUTATHIONE-REDUCT-NADPH-MONOMER,Metabolism,403
gpp,EG10413_RNA,PPPGPPHYDRO-MONOMER,Metabolism,404
gpt,EG10414_RNA,GPT-MONOMER,Metabolism,405
grxA,EG10417_RNA,RED-GLUTAREDOXIN,Metabolism,408
gshA,EG10418_RNA,GLUTCYSLIG-MONOMER,Metabolism,409
gshB,EG10419_RNA,GLUTATHIONE-SYN-MONOMER,Metabolism,410
guaA,EG10420_RNA,GMP-SYN-MONOMER,Metabolism,411
guaB,EG10421_RNA,IMP-DEHYDROG-MONOMER,Metabolism,412
guaC,EG10422_RNA,GMP-REDUCT-MONOMER,Metabolism,413
hdhA,EG10425_RNA,7-ALPHA-HYDROXYSTEROID-DEH-MONOMER,Metabolism,416
hemA,EG10427_RNA,GLUTRNAREDUCT-MONOMER,Metabolism,418
hemB,EG10428_RNA,PORPHOBILSYNTH-MONOMER,Metabolism,419
hemC,EG10429_RNA,OHMETHYLBILANESYN-MONOMER,Metabolism,420
hemD,EG10430_RNA,UROGENIIISYN-MONOMER,Metabolism,421
hemH,EG10431_RNA,PROTOHEME-FERROCHELAT-MONOMER,Metabolism,422
hemL,EG10432_RNA,GSAAMINOTRANS-MONOMER,Metabolism,423
hflC,EG10435_RNA,EG10435-MONOMER,Metabolism,426
hflK,EG10436_RNA,EG10436-MONOMER,Metabolism,427
hflX,EG10437_RNA,EG10437-MONOMER,Metabolism,428
ihfA,EG10440_RNA,PD00347,Transcription Regulation,431
ihfB,EG10441_RNA,PD00348,Transcription Regulation,432
hipB,EG10442_RNA,EG10442-MONOMER,Metabolism,433
hipA,EG10443_RNA,EG10443-MONOMER,Metabolism,434
hisA,EG10444_RNA,PRIBFAICARPISOM-MONOMER,Metabolism,435
hisB,EG10445_RNA,IMIDPHOSPHADEHYDHISTIDPHOSPHA-MONOMER,Metabolism,436
hisC,EG10446_RNA,HISTPHOSTRANS-MONOMER,Metabolism,437
hisD,EG10447_RNA,HISTDEHYD-MONOMER,Metabolism,438
hisF,EG10448_RNA,CYCLASE-MONOMER,Metabolism,439
hisG,EG10449_RNA,ATPPHOSRIBOSTRANS-MONOMER,Metabolism,440
hisH,EG10450_RNA,GLUTAMIDOTRANS-MONOMER,Metabolism,441
hisI,EG10451_RNA,HISTCYCLOPRATPPHOS,Metabolism,442
hisP,EG10452_RNA,HISP-MONOMER,Metabolism,443
truA,EG10454_RNA,EG10454-MONOMER,Metabolism,445
hmp,EG10456_RNA,EG10456-MONOMER,Metabolism,447
hns,EG10457_RNA,PD00288,Transcription Regulation,448
htpG,EG10461_RNA,EG10461-MONOMER,Metabolism,452
degP,EG10463_RNA,EG10463-MONOMER,Metabolism,454
lpxL,EG10464_RNA,LAUROYLACYLTRAN-MONOMER,Metabolism,455
ribB,EG10465_RNA,DIOHBUTANONEPSYN-MONOMER,Metabolism,456
hyaA,EG10468_RNA,HYAA-MONOMER,Metabolism,459
hyaB,EG10469_RNA,HYAB-MONOMER,Metabolism,460
hyaC,EG10470_RNA,HYAC-MONOMER,Metabolism,461
hycB,EG10475_RNA,HYCBSMALL-MONOMER,Metabolism,466
hycC,EG10476_RNA,HYCC-MONOMER,Metabolism,467
hycD,EG10477_RNA,HYCD-MONOMER,Metabolism,468
hycE,EG10478_RNA,HYCELARGE-MONOMER,Metabolism,469
hycF,EG10479_RNA,HYCF-MONOMER,Metabolism,470
hycG,EG10480_RNA,HYCG-MONOMER,Metabolism,471
hypA,EG10483_RNA,EG10483-MONOMER,Metabolism,474
hypB,EG10484_RNA,EG10484-MONOMER,Metabolism,475
hypC,EG10485_RNA,EG10485-MONOMER,Metabolism,476
hypD,EG10486_RNA,EG10486-MONOMER,Metabolism,477
hypE,EG10487_RNA,EG10487-MONOMER,Metabolism,478
iap,EG10488_RNA,EG10488-MONOMER,Metabolism,479
icd,EG10489_RNA,ISOCITDEH-SUBUNIT,Metabolism,480
argP,EG10490_RNA,EG10490-MONOMER,Transcription Regulation,481
ilvA,EG10493_RNA,THREDEHYDSYN-MONOMER,Metabolism,484
ilvB,EG10494_RNA,LARGEILVB-MONOMER,Metabolism,485
ilvC,EG10495_RNA,KETOLREDUCTOISOM-MONOMER,Metabolism,486
ilvD,EG10496_RNA,DIHYDROXYACIDDEHYDRAT-MONOMER,Metabolism,487
ilvE,EG10497_RNA,BRANCHED-CHAINAMINOTRANSFER-MONOMER,Metabolism,488
ilvH,EG10499_RNA,ACETOLACTSYNIII-HCHAIN-MONOMER,Metabolism,489
ilvI,EG10500_RNA,ACETOLACTSYNIII-ICHAIN-MONOMER,Metabolism,490
ilvM,EG10501_RNA,SMALLILVM-MONOMER,Metabolism,491
ilvN,EG10502_RNA,SMALLILVN-MONOMER,Metabolism,492
ispA,EG10508_RNA,FPPSYN-MONOMER,Metabolism,498
katE,EG10509_RNA,HYDROPEROXIDII-MONOMER,Metabolism,499
katG,EG10511_RNA,HYDROPEROXIDI-MONOMER,Metabolism,501
kbl,EG10512_RNA,AKBLIG-MONOMER,Metabolism,502
kdpA,EG10513_RNA,EG10513-MONOMER,Metabolism,503
kdpB,EG10514_RNA,KDPB-MONOMER,Metabolism,504
kdpC,EG10515_RNA,EG10515-MONOMER,Metabolism,505
kdsA,EG10518_RNA,KDO-8PSYNTH-MONOMER,Metabolism,508
kdsB,EG10519_RNA,CPM-KDOSYNTH-MONOMER,Metabolism,509
waaA,EG10520_RNA,KDOTRANS-MONOMER,Metabolism,510
kefC,EG10521_RNA,KEFC-MONOMER,Metabolism,511
kgtP,EG10522_RNA,KGTP-MONOMER,Metabolism,512
rsmA,EG10523_RNA,EG10523-MONOMER,Metabolism,513
lacA,EG10524_RNA,GALACTOACETYLTRAN-MONOMER,Metabolism,514
lacY,EG10526_RNA,LACY-MONOMER,Metabolism,516
lacZ,EG10527_RNA,BETAGALACTOSID-MONOMER,Metabolism,517
lamB,EG10528_RNA,EG10528-MONOMER,Metabolism,518
leuO,EG10531_RNA,PD00519,Transcription Regulation,521
lexA,EG10533_RNA,PD00205,Transcription Regulation,523
ligA,EG10534_RNA,EG10534-MONOMER,Metabolism,524
livF,EG10536_RNA,LIVF-MONOMER,Metabolism,526
livG,EG10537_RNA,LIVG-MONOMER,Metabolism,527
livH,EG10538_RNA,LIVH-MONOMER,Metabolism,528
livJ,EG10539_RNA,LIVJ-MONOMER,Metabolism,529
livK,EG10540_RNA,LIVK-MONOMER,Metabolism,530
livM,EG10541_RNA,LIVM-MONOMER,Metabolism,531
lon,EG10542_RNA,EG10542-MONOMER,Metabolism,532
lpd,EG10543_RNA,E3-MONOMER,Metabolism,533
lpxA,EG10545_RNA,UDPNACETYLGLUCOSAMACYLTRANS-MONOMER,Metabolism,535
lpxB,EG10546_RNA,LIPIDADISACCHARIDESYNTH-MONOMER,Metabolism,536
lrp,EG10547_RNA,PD00353,Transcription Regulation,537
lspA,EG10548_RNA,EG10548-MONOMER,Metabolism,538
lysA,EG10549_RNA,DIAMINOPIMDECARB-MONOMER,Metabolism,539
lysC,EG10550_RNA,ASPKINIII-MONOMER,Metabolism,540
lysU,EG10553_RNA,LYSU-MONOMER,Metabolism,543
malE,EG10554_RNA,MALE-MONOMER,Metabolism,544
malF,EG10555_RNA,MALF-MONOMER,Metabolism,545
malG,EG10556_RNA,MALG-MONOMER,Metabolism,546
malK,EG10558_RNA,MALK-MONOMER,Metabolism,548
malP,EG10560_RNA,MALDEXPHOSPHORYL-MONOMER,Metabolism,550
malQ,EG10561_RNA,AMYLOMALT-MONOMER,Metabolism,551
malX,EG10563_RNA,MALX-MONOMER,Metabolism,553
malY,EG10564_RNA,EG10564-MONOMER,Metabolism,554
malZ,EG10565_RNA,MALTODEXGLUCOSID-MONOMER,Metabolism,555
manA,EG10566_RNA,MANNPISOM-MONOMER,Metabolism,556
manX,EG10567_RNA,MANX-MONOMER,Metabolism,557
manY,EG10568_RNA,MANY-MONOMER,Metabolism,558
manZ,EG10569_RNA,MANZ-MONOMER,Metabolism,559
map,EG10570_RNA,EG10570-MONOMER,Metabolism,560
mazG,EG10572_RNA,EG10572-MONOMER,Metabolism,562
mdh,EG10576_RNA,MALATE-DEHASE-MONOMER,Metabolism,566
melA,EG10577_RNA,ALPHAGALACTOSID-MONOMER,Metabolism,567
melB,EG10578_RNA,MELB-MONOMER,Metabolism,568
menD,EG10579_RNA,MEND-MONOMER,Metabolism,569
mepA,EG10580_RNA,EG10580-MONOMER,Metabolism,570
metA,EG10581_RNA,HOMSUCTRAN-MONOMER,Metabolism,571
metB,EG10582_RNA,O-SUCCHOMOSERLYASE-MONOMER,Metabolism,572
metC,EG10583_RNA,CYSTATHIONINE-BETA-LYASE-MONOMER,Metabolism,573
metE,EG10584_RNA,HOMOCYSMET-MONOMER,Metabolism,574
metF,EG10585_RNA,METHYLENETHFREDUCT-MONOMER,Metabolism,575
metH,EG10587_RNA,HOMOCYSMETB12-MONOMER,Metabolism,577
metJ,EG10588_RNA,PD04032,Transcription Regulation,578
metK,EG10589_RNA,S-ADENMETSYN-MONOMER,Metabolism,579
metL,EG10590_RNA,ASPKINIIHOMOSERDEHYDROGII-MONOMER,Metabolism,580
mglA,EG10592_RNA,MGLA-MONOMER,Metabolism,582
mglB,EG10593_RNA,MGLB-MONOMER,Metabolism,583
mglC,EG10594_RNA,MGLC-MONOMER,Metabolism,584
miaA,EG10595_RNA,EG10595-MONOMER,Metabolism,585
groL,EG10599_RNA,EG10599-MONOMER,Metabolism,589
groS,EG10600_RNA,EG10600-MONOMER,Metabolism,590
mraY,EG10604_RNA,PHOSNACMURPENTATRANS-MONOMER,Metabolism,594
mrdA,EG10606_RNA,EG10606-MONOMER,Metabolism,596
msbA,EG10613_RNA,EG10613-MONOMER,Metabolism,603
lpxM,EG10614_RNA,MYRISTOYLACYLTRAN-MONOMER,Metabolism,604
mtlA,EG10615_RNA,MTLA-MONOMER,Metabolism,605
mtlD,EG10616_RNA,MANNPDEHYDROG-MONOMER,Metabolism,606
mtr,EG10617_RNA,MTR-MONOMER,Metabolism,607
murC,EG10619_RNA,UDP-NACMUR-ALA-LIG-MONOMER,Metabolism,609
murD,EG10620_RNA,UDP-NACMURALA-GLU-LIG-MONOMER,Metabolism,610
murE,EG10621_RNA,UDP-NACMURALGLDAPLIG-MONOMER,Metabolism,611
murF,EG10622_RNA,UDP-NACMURALGLDAPAALIG-MONOMER,Metabolism,612
murG,EG10623_RNA,NACGLCTRANS-MONOMER,Metabolism,613
mutT,EG10626_RNA,EG10626-MONOMER,Metabolism,616
fpr,EG10628_RNA,FLAVONADPREDUCT-MONOMER,Metabolism,618
emrE,EG10629_RNA,EMRE-MONOMER,Metabolism,619
nadA,EG10630_RNA,QUINOLINATE-SYNTHA-MONOMER,Metabolism,620
nadB,EG10631_RNA,L-ASPARTATE-OXID-MONOMER,Metabolism,621
nagA,EG10632_RNA,NAG6PDEACET-MONOMER,Metabolism,622
nagB,EG10633_RNA,GLUCOSAMINE-6-P-DEAMIN-MONOMER,Metabolism,623
umpH,EG10634_RNA,EG10634-MONOMER,Metabolism,624
nagE,EG10635_RNA,NAGE-MONOMER,Metabolism,625
nanA,EG10637_RNA,ACNEULY-MONOMER,Metabolism,627
narG,EG10638_RNA,NARG-MONOMER,Metabolism,628
narH,EG10639_RNA,NARH-MONOMER,Metabolism,629
narI,EG10640_RNA,NARI-MONOMER,Metabolism,630
narK,EG10642_RNA,NARK-MONOMER,Metabolism,632
narL,EG10643_RNA,NARL-MONOMER,Transcription Regulation,633
narV,EG10644_RNA,NARV-MONOMER,Metabolism,634
narX,EG10646_RNA,NARX-MONOMER,Metabolism,636
narY,EG10647_RNA,NARY-MONOMER,Metabolism,637
narZ,EG10648_RNA,NARZ-MONOMER,Metabolism,638
ndh,EG10649_RNA,NADH-DHII-MONOMER,Metabolism,639
ndk,EG10650_RNA,NUCLEOSIDE-DIP-KIN-MONOMER,Metabolism,640
nfo,EG10651_RNA,EG10651-MONOMER,Metabolism,641
nhaA,EG10652_RNA,NHAA-MONOMER,Metabolism,642
nirB,EG10653_RNA,NIRB-MONOMER,Metabolism,643
nirC,EG10654_RNA,NIRC-MONOMER,Metabolism,644
nirD,EG10655_RNA,NIRD-MONOMER,Metabolism,645
nrdA,EG10660_RNA,NRDA-MONOMER,Metabolism,649
nrdB,EG10661_RNA,NRDB-MONOMER,Metabolism,650
nth,EG10662_RNA,EG10662-MONOMER,Metabolism,651
nadE,EG10663_RNA,NAD-SYNTH-MONOMER,Metabolism,652
nupG,EG10664_RNA,NUPG-MONOMER,Metabolism,653
ogt,EG10668_RNA,EG10668-MONOMER,Metabolism,657
ompC,EG10670_RNA,EG10670-MONOMER,Metabolism,659
ompF,EG10671_RNA,EG10671-MONOMER,Metabolism,660
oppA,EG10674_RNA,OPPA-MONOMER,Metabolism,663
oppB,EG10675_RNA,OPPB-MONOMER,Metabolism,664
oppC,EG10676_RNA,OPPC-MONOMER,Metabolism,665
oppD,EG10677_RNA,OPPD-MONOMER,Metabolism,666
oppF,EG10678_RNA,OPPF-MONOMER,Metabolism,667
osmC,EG10680_RNA,EG10680-MONOMER,Metabolism,669
pabA,EG10682_RNA,PABASYN-COMPII-MONOMER,Metabolism,671
pabB,EG10683_RNA,PABASYN-COMPI-MONOMER,Metabolism,672
panF,EG10685_RNA,PANF-MONOMER,Metabolism,674
pck,EG10688_RNA,PEPCARBOXYKIN-MONOMER,Metabolism,677
pcm,EG10689_RNA,EG10689-MONOMER,Metabolism,678
pdxA,EG10691_RNA,PDXA-MONOMER,Metabolism,680
pdxJ,EG10693_RNA,PDXJ-MONOMER,Metabolism,681
pepA,EG10694_RNA,EG10694-MONOMER,Metabolism,682
pepD,EG10695_RNA,EG10695-MONOMER,Metabolism,683
pepN,EG10696_RNA,EG10696-MONOMER,Metabolism,684
pepP,EG10697_RNA,EG10697-MONOMER,Metabolism,685
pepQ,EG10698_RNA,EG10698-MONOMER,Metabolism,686
pfkA,EG10699_RNA,6PFK-1-MONOMER,Metabolism,687
pfkB,EG10700_RNA,6PFK-2-MONOMER,Metabolism,688
pgi,EG10702_RNA,PGLUCISOM,Metabolism,690
pgk,EG10703_RNA,PGK,Metabolism,691
pgpA,EG10704_RNA,PGPPHOSPHAA-MONOMER,Metabolism,692
pgpB,EG10705_RNA,PGPPHOSPHAB-MONOMER,Metabolism,693
pgsA,EG10706_RNA,PHOSPHAGLYPSYN-MONOMER,Metabolism,694
pheA,EG10707_RNA,CHORISMUTPREPHENDEHYDRAT-MONOMER,Metabolism,695
pheP,EG10708_RNA,PHEP-MONOMER,Metabolism,696
phnC,EG10713_RNA,PHNC-MONOMER,Metabolism,701
phnD,EG10714_RNA,PHND-MONOMER,Metabolism,702
phnG,EG10716_RNA,EG10716-MONOMER,Metabolism,704
phnH,EG10717_RNA,EG10717-MONOMER,Metabolism,705
phnI,EG10718_RNA,EG10718-MONOMER,Metabolism,706
phnJ,EG10719_RNA,EG10719-MONOMER,Metabolism,707
phnL,EG10721_RNA,PHNL-MONOMER,Metabolism,709
phnM,EG10722_RNA,EG10722-MONOMER,Metabolism,710
phnN,EG10723_RNA,EG10723-MONOMER,Metabolism,711
phnO,EG10724_RNA,EG10724-MONOMER,Metabolism,712
phnP,EG10725_RNA,EG10725-MONOMER,Metabolism,713
phoA,EG10727_RNA,ALKAPHOSPHA-MONOMER,Metabolism,714
phoE,EG10729_RNA,MONOMER0-282,Metabolism,716
phoR,EG10733_RNA,PHOR-MONOMER,Metabolism,720
pstS,EG10734_RNA,PSTS-MONOMER,Metabolism,721
phr,EG10736_RNA,EG10736-MONOMER,Metabolism,723
pldA,EG10738_RNA,MONOMER0-341,Metabolism,725
pldB,EG10739_RNA,EG10739-MONOMER,Metabolism,726
plsB,EG10740_RNA,GLYCEROL-3-P-ACYLTRANSFER-MONOMER,Metabolism,727
tldE,EG10741_RNA,EG10741-MONOMER,Metabolism,728
pncB,EG10742_RNA,NICOTINATEPRIBOSYLTRANS-MONOMER,Metabolism,729
pnp,EG10743_RNA,EG10743-MONOMER,"Metabolism, RNA Decay",730
pntA,EG10744_RNA,PNTA-MONOMER,Metabolism,731
pntB,EG10745_RNA,PNTB-MONOMER,Metabolism,732
polA,EG10746_RNA,EG10746-MONOMER,RNA Decay,733
mrcA,EG10748_RNA,EG10748-MONOMER,Metabolism,735
potA,EG10749_RNA,POTA-MONOMER,Metabolism,736
potB,EG10750_RNA,POTB-MONOMER,Metabolism,737
potC,EG10751_RNA,POTC-MONOMER,Metabolism,738
potD,EG10752_RNA,POTD-MONOMER,Metabolism,739
potE,EG10753_RNA,POTE-MONOMER,Metabolism,740
poxB,EG10754_RNA,PYRUVOXID-MONOMER,Metabolism,741
ppa,EG10755_RNA,INORGPYROPHOSPHAT-MONOMER,Metabolism,742
ppc,EG10756_RNA,PEPCARBOX-MONOMER,Metabolism,743
ppiA,EG10757_RNA,EG10757-MONOMER,Metabolism,744
ppiB,EG10758_RNA,EG10758-MONOMER,Metabolism,745
ppsA,EG10759_RNA,PEPSYNTH-MONOMER,Metabolism,746
prc,EG10760_RNA,EG10760-MONOMER,Metabolism,747
secY,EG10766_RNA,SECY,Metabolism,753
proA,EG10767_RNA,GLUTSEMIALDEHYDROG-MONOMER,Metabolism,754
proB,EG10768_RNA,GLUTKIN-MONOMER,Metabolism,755
proC,EG10769_RNA,PYRROLINECARBREDUCT-MONOMER,Metabolism,756
proV,EG10771_RNA,PROV-MONOMER,Metabolism,758
proW,EG10772_RNA,PROW-MONOMER,Metabolism,759
proX,EG10773_RNA,PROX-MONOMER,Metabolism,760
prs,EG10774_RNA,PRPPSYN-MONOMER,Metabolism,761
pspE,EG10780_RNA,EG10780-MONOMER,Metabolism,767
pssA,EG10781_RNA,PHOSPHASERSYN-MONOMER,Metabolism,768
pstA,EG10782_RNA,PSTA-MONOMER,Metabolism,769
pstB,EG10783_RNA,PSTB-MONOMER,Metabolism,770
pstC,EG10784_RNA,PSTC-MONOMER,Metabolism,771
pth,EG10785_RNA,EG10785-MONOMER,Metabolism,772
ptrA,EG10786_RNA,EG10786-MONOMER,Metabolism,773
ptsG,EG10787_RNA,PTSG-MONOMER,Metabolism,774
ptsI,EG10789_RNA,PTSI-MONOMER,Metabolism,776
purA,EG10790_RNA,ADENYLOSUCCINATE-SYN-MONOMER,Metabolism,777
purC,EG10791_RNA,SAICARSYN-MONOMER,Metabolism,778
purD,EG10792_RNA,GLYCRIBONUCSYN-MONOMER,Metabolism,779
purE,EG10793_RNA,PURE-MONOMER,Metabolism,780
purF,EG10794_RNA,PRPPAMIDOTRANS-MONOMER,Metabolism,781
purH,EG10795_RNA,AICARTRANSIMPCYCLO-CPLX,Metabolism,782
purK,EG10796_RNA,PURK-MONOMER,Metabolism,783
purL,EG10797_RNA,FGAMSYN-MONOMER,Metabolism,784
purM,EG10798_RNA,AIRS-MONOMER,Metabolism,785
purN,EG10799_RNA,GART-MONOMER,Metabolism,786
putA,EG10801_RNA,PUTA-MONOMER,"Metabolism, Transcription Regulation",788
putP,EG10802_RNA,PUTP-MONOMER,Metabolism,789
pykA,EG10803_RNA,PKII-MONOMER,Metabolism,790
pykF,EG10804_RNA,PKI-MONOMER,Metabolism,791
pyrB,EG10805_RNA,ASPCARBCAT-MONOMER,Metabolism,792
pyrC,EG10806_RNA,DIHYDROOROT-MONOMER,Metabolism,793
pyrD,EG10807_RNA,DIHYDROOROTOX-MONOMER,Metabolism,794
pyrE,EG10808_RNA,OROPRIBTRANS-MONOMER,Metabolism,795
pyrF,EG10809_RNA,OROTPDECARB-MONOMER,Metabolism,796
pyrG,EG10810_RNA,CTPSYN-MONOMER,Metabolism,797
pyrI,EG10811_RNA,ASPCARBREG-MONOMER,Metabolism,798
queA,EG10812_RNA,EG10812-MONOMER,Metabolism,799
rbsA,EG10814_RNA,RBSA-MONOMER,Metabolism,801
rbsB,EG10815_RNA,RBSB-MONOMER,Metabolism,802
rbsC,EG10816_RNA,RBSC-MONOMER,Metabolism,803
rbsD,EG10817_RNA,EG10817-MONOMER,Metabolism,804
rbsK,EG10818_RNA,RIBOKIN-MONOMER,Metabolism,805
rcsB,EG10821_RNA,RCSB-MONOMER,Transcription Regulation,808
relA,EG10835_RNA,RELA-MONOMER,Metabolism,822
rfaD,EG10838_RNA,EG10838-MONOMER,Metabolism,825
rfe,EG10840_RNA,GLCNACPTRANS-MONOMER,Metabolism,827
rhlB,EG10844_RNA,EG10844-MONOMER,Metabolism,831
rimI,EG10850_RNA,EG10850-MONOMER,Metabolism,837
rimJ,EG10851_RNA,EG10851-MONOMER,Metabolism,838
rimK,EG10852_RNA,EG10852-MONOMER,Metabolism,839
rimL,EG10853_RNA,EG10853-MONOMER,Metabolism,840
lptE,EG10855_RNA,EG10855-MONOMER,Metabolism,842
rna,EG10856_RNA,EG10856-MONOMER,RNA Decay,843
rnc,EG10857_RNA,EG10857-MONOMER,RNA Decay,844
rnd,EG10858_RNA,EG10858-MONOMER,RNA Decay,845
rne,EG10859_RNA,EG10859-MONOMER,"Metabolism, RNA Decay",846
rnhA,EG10860_RNA,EG10860-MONOMER,RNA Decay,847
rnhB,EG10861_RNA,EG10861-MONOMER,RNA Decay,848
rnpA,EG10862_RNA,EG10862-MONOMER,RNA Decay,849
rph,EG10863_RNA,EG10863-MONOMER,RNA Decay,850
rplA,EG10864_RNA,EG10864-MONOMER,Translation,851
rplB,EG10865_RNA,EG10865-MONOMER,Translation,852
rplC,EG10866_RNA,EG10866-MONOMER,Translation,853
rplD,EG10867_RNA,EG10867-MONOMER,Translation,854
rplE,EG10868_RNA,EG10868-MONOMER,Translation,855
rplF,EG10869_RNA,EG10869-MONOMER,Translation,856
rplI,EG10870_RNA,EG10870-MONOMER,Translation,857
rplJ,EG10871_RNA,EG10871-MONOMER,Translation,858
rplK,EG10872_RNA,EG10872-MONOMER,Translation,859
rplL,EG10873_RNA,EG10873-MONOMER,Translation,860
rplM,EG10874_RNA,EG10874-MONOMER,Translation,861
rplN,EG10875_RNA,EG10875-MONOMER,Translation,862
rplO,EG10876_RNA,EG10876-MONOMER,Translation,863
rplP,EG10877_RNA,EG10877-MONOMER,Translation,864
rplQ,EG10878_RNA,EG10878-MONOMER,Translation,865
rplR,EG10879_RNA,EG10879-MONOMER,Translation,866
rplS,EG10880_RNA,EG10880-MONOMER,Translation,867
rplT,EG10881_RNA,EG10881-MONOMER,Translation,868
rplV,EG10882_RNA,EG10882-MONOMER,Translation,869
rplW,EG10883_RNA,EG10883-MONOMER,Translation,870
rplX,EG10884_RNA,EG10884-MONOMER,Translation,871
rplY,EG10885_RNA,EG10885-MONOMER,Translation,872
rpmB,EG10886_RNA,EG10886-MONOMER,Translation,873
rpmC,EG10887_RNA,EG10887-MONOMER,Translation,874
rpmD,EG10888_RNA,EG10888-MONOMER,Translation,875
rpmE,EG10889_RNA,EG10889-MONOMER,Translation,876
rpmF,EG10890_RNA,EG10890-MONOMER,Translation,877
rpmG,EG10891_RNA,EG10891-MONOMER,Translation,878
rpmH,EG10892_RNA,EG10892-MONOMER,Translation,879
rpoA,EG10893_RNA,EG10893-MONOMER,Transcription,880
rpoB,EG10894_RNA,RPOB-MONOMER,Transcription,881
rpoC,EG10895_RNA,RPOC-MONOMER,Transcription,882
rpsA,EG10900_RNA,EG10900-MONOMER,Translation,887
rpsB,EG10901_RNA,EG10901-MONOMER,Translation,888
rpsC,EG10902_RNA,EG10902-MONOMER,Translation,889
rpsD,EG10903_RNA,EG10903-MONOMER,Translation,890
rpsE,EG10904_RNA,EG10904-MONOMER,Translation,891
rpsF,EG10905_RNA,EG10905-MONOMER,Translation,892
rpsG,EG10906_RNA,EG10906-MONOMER,Translation,893
rpsH,EG10907_RNA,EG10907-MONOMER,Translation,894
rpsI,EG10908_RNA,EG10908-MONOMER,Translation,895
rpsJ,EG10909_RNA,EG10909-MONOMER,Translation,896
rpsK,EG10910_RNA,EG10910-MONOMER,Translation,897
rpsL,EG10911_RNA,EG10911-MONOMER,Translation,898
rpsM,EG10912_RNA,EG10912-MONOMER,Translation,899
rpsN,EG10913_RNA,EG10913-MONOMER,Translation,900
rpsO,EG10914_RNA,EG10914-MONOMER,Translation,901
rpsP,EG10915_RNA,EG10915-MONOMER,Translation,902
rpsQ,EG10916_RNA,EG10916-MONOMER,Translation,903
rpsR,EG10917_RNA,EG10917-MONOMER,Translation,904
rpsS,EG10918_RNA,EG10918-MONOMER,Translation,905
rpsT,EG10919_RNA,EG10919-MONOMER,Translation,906
rpsU,EG10920_RNA,EG10920-MONOMER,Translation,907
ftnA,EG10921_RNA,EG10921-MONOMER,Metabolism,908
coaA,EG10922_RNA,PANTOTHENATE-KIN-MONOMER,Metabolism,909
sbmA,EG10928_RNA,SBMA-MONOMER,Metabolism,913
sbp,EG10929_RNA,SBP-MONOMER,Metabolism,914
sdaA,EG10930_RNA,LSERINEDEAM1-MONOMER,Metabolism,915
sdhA,EG10931_RNA,SDH-FLAVO,Metabolism,916
sdhB,EG10932_RNA,SDH-FE-S,Metabolism,917
sdhC,EG10933_RNA,SDH-MEMB1,Metabolism,918
sdhD,EG10934_RNA,SDH-MEMB2,Metabolism,919
secD,EG10938_RNA,SECD,Metabolism,923
secE,EG10939_RNA,SECE,Metabolism,924
secF,EG10940_RNA,SECF,Metabolism,925
selA,EG10941_RNA,EG10941-MONOMER,Metabolism,926
selB,EG10942_RNA,EG10942-MONOMER,Metabolism,927
selD,EG10943_RNA,EG10943-MONOMER,Metabolism,928
serA,EG10944_RNA,PGLYCDEHYDROG-MONOMER,Metabolism,929
serB,EG10945_RNA,PSERPHOSPHA-MONOMER,Metabolism,930
serC,EG10946_RNA,PSERTRANSAM-MONOMER,Metabolism,931
maeA,EG10948_RNA,MALIC-NAD-MONOMER,Metabolism,933
slt,EG10950_RNA,EG10950-MONOMER,Metabolism,935
sodA,EG10953_RNA,SUPEROX-DISMUTMN-MONOMER,Metabolism,938
sodB,EG10954_RNA,SUPEROX-DISMUTFE-MONOMER,Metabolism,939
speA,EG10959_RNA,ARGDECARBOXBIO-MONOMER,Metabolism,944
speB,EG10960_RNA,AGMATIN-MONOMER,Metabolism,945
speC,EG10961_RNA,ORNDECARBOX-BIO-MONOMER,Metabolism,946
speE,EG10963_RNA,SPERMIDINESYN-MONOMER,Metabolism,948
speF,EG10964_RNA,ORNDECARBOXDEG-MONOMER,Metabolism,949
gmk,EG10965_RNA,GUANYL-KIN-MONOMER,Metabolism,950
spoT,EG10966_RNA,SPOT-MONOMER,Metabolism,951
trmH,EG10967_RNA,EG10967-MONOMER,Metabolism,952
srlE,EG10969_RNA,GUTA-MONOMER,Metabolism,954
srlB,EG10970_RNA,GUTB-MONOMER,Metabolism,955
srlD,EG10971_RNA,SORB6PDEHYDROG-MONOMER,Metabolism,956
gutQ,EG10973_RNA,EG10973-MONOMER,Metabolism,958
sucA,EG10979_RNA,E1O-MONOMER,Metabolism,964
sucB,EG10980_RNA,E2O-MONOMER,Metabolism,965
sucC,EG10981_RNA,SUCCCOASYN-BETA,Metabolism,966
sucD,EG10982_RNA,SUCCCOASYN-ALPHA,Metabolism,967
suhB,EG10983_RNA,EG10983-MONOMER,Metabolism,968
surA,EG10985_RNA,EG10985-MONOMER,Metabolism,970
tdcB,EG10990_RNA,THREDEHYDCAT-MONOMER,Metabolism,975
tdcC,EG10991_RNA,TDCC-MONOMER,Metabolism,976
tdh,EG10993_RNA,THREODEHYD-MONOMER,Metabolism,978
tdk,EG10994_RNA,TDK-MONOMER,Metabolism,979
tesB,EG10995_RNA,THIOESTERII-MONOMER,Metabolism,980
tgt,EG10996_RNA,EG10996-MONOMER,Metabolism,981
mnmE,EG10997_RNA,EG10997-MONOMER,Metabolism,982
thrA,EG10998_RNA,ASPKINIHOMOSERDEHYDROGI-MONOMER,Metabolism,983
thrB,EG10999_RNA,HOMOSERKIN-MONOMER,Metabolism,984
thrC,EG11000_RNA,THRESYN-MONOMER,Metabolism,985
thyA,EG11002_RNA,THYMIDYLATESYN-MONOMER,Metabolism,987
tig,EG11003_RNA,EG11003-MONOMER,Metabolism,988
tnaA,EG11005_RNA,TRYPTOPHAN-MONOMER,Metabolism,990
tnaB,EG11006_RNA,TNAB-MONOMER,Metabolism,991
tolC,EG11009_RNA,EG11009-MONOMER,Metabolism,994
tonB,EG11012_RNA,EG11012-MONOMER,Metabolism,997
tpiA,EG11015_RNA,TPI-MONOMER,Metabolism,1000
treA,EG11017_RNA,TREHALAPERI-MONOMER,Metabolism,1002
trkG,EG11020_RNA,TRKG-MONOMER,Metabolism,1005
trkH,EG11021_RNA,TRKH-MONOMER,Metabolism,1006
trmA,EG11022_RNA,EG11022-MONOMER,Metabolism,1007
trmD,EG11023_RNA,EG11023-MONOMER,Metabolism,1008
trpA,EG11024_RNA,TRYPSYN-APROTEIN,Metabolism,1009
trpB,EG11025_RNA,TRYPSYN-BPROTEIN,Metabolism,1010
trpC,EG11026_RNA,PRAI-IGPS,Metabolism,1011
trpD,EG11027_RNA,ANTHRANSYNCOMPII-MONOMER,Metabolism,1012
trpE,EG11028_RNA,ANTHRANSYNCOMPI-MONOMER,Metabolism,1013
trpR,EG11029_RNA,PD00423,Transcription Regulation,1014
trxA,EG11031_RNA,RED-THIOREDOXIN-MONOMER,Metabolism,1016
trxB,EG11032_RNA,THIOREDOXIN-REDUCT-NADPH-MONOMER,Metabolism,1017
tsx,EG11035_RNA,EG11035-MONOMER,Metabolism,1020
tyrA,EG11039_RNA,CHORISMUTPREPHENDEHYDROG-MONOMER,Metabolism,1024
tyrB,EG11040_RNA,TYRB-MONOMER,Metabolism,1025
tyrP,EG11041_RNA,TYRP-MONOMER,Metabolism,1026
tyrR,EG11042_RNA,PD00413,Transcription Regulation,1027
ubiX,EG11044_RNA,UBIX-MONOMER,Metabolism,1029
udp,EG11045_RNA,URPHOS-MONOMER,Metabolism,1030
ugpA,EG11046_RNA,UGPA-MONOMER,Metabolism,1031
ugpB,EG11047_RNA,UGPB-MONOMER,Metabolism,1032
ugpC,EG11048_RNA,UGPC-MONOMER,Metabolism,1033
ugpE,EG11049_RNA,UGPE-MONOMER,Metabolism,1034
ugpQ,EG11050_RNA,GLYCPDIESTER-CYTO-MONOMER,Metabolism,1035
uhpT,EG11054_RNA,UHPT-MONOMER,Metabolism,1039
uidA,EG11055_RNA,BETA-GLUCURONID-MONOMER,Metabolism,1040
ushA,EG11060_RNA,USHA-MONOMER,Metabolism,1045
uxaB,EG11065_RNA,ALTRO-OXIDOREDUCT-MONOMER,Metabolism,1050
uxuA,EG11066_RNA,MANNONDEHYDRAT-MONOMER,Metabolism,1051
xthA,EG11073_RNA,EG11073-MONOMER,Metabolism,1058
xylA,EG11074_RNA,XYLISOM-MONOMER,Metabolism,1059
xylB,EG11075_RNA,XYLULOKIN-MONOMER,Metabolism,1060
xylE,EG11076_RNA,XYLE-MONOMER,Metabolism,1061
ribF,EG11079_RNA,RIBF-MONOMER,Metabolism,1063
fkpB,EG11080_RNA,EG11080-MONOMER,Metabolism,1064
ispH,EG11081_RNA,EG11081-MONOMER,Metabolism,1065
rihC,EG11082_RNA,EG11082-MONOMER,Metabolism,1066
rsmH,EG11085_RNA,EG11085-MONOMER,Metabolism,1069
mtn,EG11090_RNA,EG11090-MONOMER,Metabolism,1074
acpH,EG11095_RNA,EG11095-MONOMER,Metabolism,1078
yajC,EG11096_RNA,EG11096-MONOMER,Metabolism,1079
aes,EG11101_RNA,EG11101-MONOMER,Metabolism,1084
gsk,EG11102_RNA,GSK-MONOMER,Metabolism,1085
entS,EG11104_RNA,YBDA-MONOMER,Metabolism,1087
entH,EG11105_RNA,EG11105-MONOMER,Metabolism,1088
aat,EG11112_RNA,EG11112-MONOMER,Metabolism,1093
trhO,EG11116_RNA,EG11116-MONOMER,Metabolism,1095
rluC,EG11118_RNA,EG11118-MONOMER,Metabolism,1097
yciA,EG11121_RNA,EG11121-MONOMER,Metabolism,1100
pncA,EG11135_RNA,NICOTINAMID-MONOMER,Metabolism,1114
nudB,EG11138_RNA,H2NEOPTERINP3PYROPHOSPHOHYDRO-MONOMER,Metabolism,1117
ubiG,EG11143_RNA,DHHB-METHYLTRANSFER-MONOMER,Metabolism,1122
ygeA,EG11157_RNA,EG11157-MONOMER,Metabolism,1135
fau,EG11158_RNA,EG11158-MONOMER,Metabolism,1136
argO,EG11159_RNA,YGGA-MONOMER,Metabolism,1137
fumE,EG11162_RNA,EG11162-MONOMER,Metabolism,1140
ygiD,EG11166_RNA,EG11166-MONOMER,Metabolism,1143
zupT,EG11167_RNA,EG11167-MONOMER,Metabolism,1144
ttdA,EG11168_RNA,TTDA-MONOMER,Metabolism,1145
ttdB,EG11169_RNA,TTDB-MONOMER,Metabolism,1146
tsaD,EG11171_RNA,EG11171-MONOMER,Metabolism,1147
tdcD,EG11172_RNA,PROPKIN-MONOMER,Metabolism,1148
garK,EG11175_RNA,GKI-MONOMER,Metabolism,1151
garR,EG11176_RNA,TSA-REDUCT-MONOMER,Metabolism,1152
truB,EG11177_RNA,EG11177-MONOMER,Metabolism,1153
waaC,EG11189_RNA,EG11189-MONOMER,Metabolism,1164
coaD,EG11190_RNA,PANTEPADENYLYLTRAN-MONOMER,Metabolism,1165
xanP,EG11194_RNA,YICE-MONOMER,Metabolism,1169
yidA,EG11195_RNA,EG11195-MONOMER,Metabolism,1170
yidC,EG11197_RNA,YIDC,Metabolism,1172
glmU,EG11198_RNA,NAG1P-URIDYLTRANS-MONOMER,Metabolism,1173
yigB,EG11202_RNA,EG11202-MONOMER,Metabolism,1176
murI,EG11204_RNA,GLUTRACE-MONOMER,Metabolism,1178
murB,EG11205_RNA,UDPNACETYLMURAMATEDEHYDROG-MONOMER,Metabolism,1179
yjaB,EG11207_RNA,EG11207-MONOMER,Metabolism,1181
epmA,EG11211_RNA,EG11211-MONOMER,Metabolism,1185
zwf,EG11221_RNA,GLU6PDEHYDROG-MONOMER,Metabolism,1192
argH,EG11223_RNA,ARGSUCCINLYA-MONOMER,Metabolism,1194
dcuA,EG11225_RNA,DCUA-MONOMER,Metabolism,1196
leuA,EG11226_RNA,2-ISOPROPYLMALATESYN-MONOMER,Metabolism,1197
fdnG,EG11227_RNA,FDNG-MONOMER,Metabolism,1198
fdnH,EG11228_RNA,FDNH-MONOMER,Metabolism,1199
fdnI,EG11229_RNA,FDNI-MONOMER,Metabolism,1200
rpmI,EG11231_RNA,EG11231-MONOMER,Translation,1202
rpmJ,EG11232_RNA,EG11232-MONOMER,Translation,1203
ydiB,EG11234_RNA,EG11234-MONOMER,Metabolism,1205
pdeL,EG11236_RNA,EG11236-MONOMER,Metabolism,1207
ybhA,EG11239_RNA,EG11239-MONOMER,Metabolism,1210
yggF,EG11245_RNA,EG11245-MONOMER,Metabolism,1214
rlmD,EG11247_RNA,EG11247-MONOMER,Metabolism,1216
ldtD,EG11253_RNA,EG11253-MONOMER,Metabolism,1221
rlmH,EG11254_RNA,EG11254-MONOMER,Metabolism,1222
dgcC,EG11257_RNA,EG11257-MONOMER,Metabolism,1225
focA,EG11258_RNA,FOCA-MONOMER,Metabolism,1226
rnr,EG11259_RNA,EG11259-MONOMER,RNA Decay,1227
nfsA,EG11261_RNA,EG11261-MONOMER,Metabolism,1229
cmk,EG11265_RNA,CMPKI-MONOMER,Metabolism,1232
waaH,EG11266_RNA,EG11266-MONOMER,Metabolism,1233
fmt,EG11268_RNA,EG11268-MONOMER,Metabolism,1235
fabZ,EG11284_RNA,FABZ-MONOMER,Metabolism,1248
argE,EG11286_RNA,ACETYLORNDEACET-MONOMER,Metabolism,1250
mak,EG11288_RNA,EG11288-MONOMER,Metabolism,1252
preA,EG11289_RNA,EG11289-MONOMER,Metabolism,1253
loiP,EG11291_RNA,EG11291-MONOMER,Metabolism,1255
yghA,EG11292_RNA,EG11292-MONOMER,Metabolism,1256
lolB,EG11293_RNA,EG11293-MONOMER,Metabolism,1257
ispE,EG11294_RNA,EG11294-MONOMER,Metabolism,1258
dsbA,EG11297_RNA,DISULFOXRED-MONOMER,Metabolism,1261
yhdE,EG11298_RNA,EG11298-MONOMER,Metabolism,1262
rng,EG11299_RNA,EG11299-MONOMER,RNA Decay,1263
tatE,EG11305_RNA,EG11305-MONOMER,Metabolism,1268
lipA,EG11306_RNA,EG11306-MONOMER,Metabolism,1269
pdxI,EG11309_RNA,EG11309-MONOMER,Metabolism,1270
dusB,EG11311_RNA,EG11311-MONOMER,Metabolism,1272
rhaT,EG11313_RNA,RHAT-MONOMER,Metabolism,1274
purB,EG11314_RNA,ASL-MONOMER,Metabolism,1275
yhdH,EG11315_RNA,EG11315-MONOMER,Metabolism,1276
fabD,EG11317_RNA,MALONYL-COA-ACP-TRANSACYL-MONOMER,Metabolism,1278
fabG,EG11318_RNA,3-OXOACYL-ACP-REDUCT-MONOMER,Metabolism,1279
galU,EG11319_RNA,GLUC1PURIDYLTRANS-MONOMER,Metabolism,1280
ribD,EG11321_RNA,RIBOFLAVINSYNDEAM-MONOMER,Metabolism,1282
ribE,EG11322_RNA,LUMAZINESYN-MONOMER,Metabolism,1283
ubiH,EG11324_RNA,OCTAPRENYL-METHOXYPHENOL-OH-MONOMER,Metabolism,1285
acnA,EG11325_RNA,ACONITASE-MONOMER,Metabolism,1286
codA,EG11326_RNA,CYTDEAM-MONOMER,Metabolism,1287
codB,EG11327_RNA,CODB-MONOMER,Metabolism,1288
gabD,EG11329_RNA,SUCCSEMIALDDEHYDROG-MONOMER,Metabolism,1290
gabP,EG11330_RNA,GABP-MONOMER,Metabolism,1291
ribA,EG11331_RNA,GTP-CYCLOHYDRO-II-MONOMER,Metabolism,1292
upp,EG11332_RNA,URACIL-PRIBOSYLTRANS-MONOMER,Metabolism,1293
ubiI,EG11333_RNA,EG11333-MONOMER,Metabolism,1294
ligB,EG11334_RNA,EG11334-MONOMER,Metabolism,1295
nadR,EG11335_RNA,PD04413,Metabolism,1296
lysP,EG11337_RNA,LYSP-MONOMER,Metabolism,1298
waaG,EG11339_RNA,EG11339-MONOMER,Metabolism,1300
waaP,EG11340_RNA,EG11340-MONOMER,Metabolism,1301
waaQ,EG11341_RNA,EG11341-MONOMER,Metabolism,1302
mdtG,EG11343_RNA,YCEE-MONOMER,Metabolism,1304
mnmA,EG11344_RNA,EG11344-MONOMER,Metabolism,1305
waaB,EG11351_RNA,EG11351-MONOMER,Metabolism,1310
waaO,EG11352_RNA,EG11352-MONOMER,Metabolism,1311
waaJ,EG11353_RNA,EG11353-MONOMER,Metabolism,1312
emrA,EG11354_RNA,EG11354-MONOMER,Metabolism,1313
murA,EG11358_RNA,UDPNACETYLGLUCOSAMENOLPYRTRANS-MONOMER,Metabolism,1317
gspO,EG11359_RNA,EG11359-MONOMER,Metabolism,1318
gluQ,EG11362_RNA,EG11362-MONOMER,Metabolism,1321
menB,EG11368_RNA,NAPHTHOATE-SYN-MONOMER,Metabolism,1326
ubiC,EG11369_RNA,CHORPYRLY-MONOMER,Metabolism,1327
ubiA,EG11370_RNA,4OHBENZOATE-OCTAPRENYLTRANSFER-MONOMER,Metabolism,1328
pgpC,EG11371_RNA,EG11371-MONOMER,Metabolism,1329
tadA,EG11372_RNA,EG11372-MONOMER,Metabolism,1330
folK,EG11374_RNA,H2PTERIDINEPYROPHOSPHOKIN-MONOMER,Metabolism,1332
folE,EG11375_RNA,GTP-CYCLOHYDRO-I-MONOMER,Metabolism,1333
plsC,EG11377_RNA,1-ACYLGLYCEROL-3-P-ACYLTRANSFER-MONOMER,Metabolism,1335
appB,EG11379_RNA,APPB-MONOMER,Metabolism,1337
appC,EG11380_RNA,APPC-MONOMER,Metabolism,1338
elbB,EG11383_RNA,EG11383-MONOMER,Metabolism,1340
ahpC,EG11384_RNA,EG11384-MONOMER,Metabolism,1341
ahpF,EG11385_RNA,EG11385-MONOMER,Metabolism,1342
nhaB,EG11392_RNA,NHAB-MONOMER,Metabolism,1348
dsbB,EG11393_RNA,DSBBPROT-MONOMER,Metabolism,1349
ubiD,EG11396_RNA,EG11396-MONOMER,Metabolism,1352
treC,EG11402_RNA,TRE6PHYDRO-MONOMER,Metabolism,1357
ychF,EG11404_RNA,EG11404-MONOMER,Metabolism,1359
cydD,EG11405_RNA,CYDD-MONOMER,Metabolism,1360
ribC,EG11406_RNA,RIBOFLAVIN-SYN-MONOMER,Metabolism,1361
dadA,EG11407_RNA,DALADEHYDROGA-MONOMER,Metabolism,1362
dadX,EG11408_RNA,ALARACECAT-MONOMER,Metabolism,1363
lpxK,EG11409_RNA,TETRAACYLDISACC4KIN-MONOMER,Metabolism,1364
glnD,EG11411_RNA,GLND-MONOMER,Metabolism,1366
nrdD,EG11417_RNA,RIBONUCLEOSIDE-TRIP-REDUCT-MONOMER,Metabolism,1371
dcd,EG11418_RNA,DCTP-DEAM-MONOMER,Metabolism,1372
bcr,EG11419_RNA,BCR-MONOMER,Metabolism,1373
waaU,EG11423_RNA,EG11423-MONOMER,Metabolism,1376
waaL,EG11424_RNA,EG11424-MONOMER,Metabolism,1377
waaY,EG11425_RNA,EG11425-MONOMER,Metabolism,1378
waaZ,EG11426_RNA,EG11426-MONOMER,Metabolism,1379
tktA,EG11427_RNA,TRANSKETOI-MONOMER,Metabolism,1380
sthA,EG11428_RNA,UDHA-MONOMER,Metabolism,1381
roxA,EG11430_RNA,EG11430-MONOMER,Metabolism,1383
msrA,EG11433_RNA,EG11433-MONOMER,Metabolism,1386
ahr,EG11436_RNA,EG11436-MONOMER,Metabolism,1389
plsX,EG11437_RNA,EG11437-MONOMER,Metabolism,1390
yceF,EG11438_RNA,EG11438-MONOMER,Metabolism,1391
emrB,EG11439_RNA,EMRB-MONOMER,Metabolism,1392
def,EG11440_RNA,EG11440-MONOMER,Metabolism,1393
gcvT,EG11442_RNA,GCVT-MONOMER,Metabolism,1395
rpiA,EG11443_RNA,RIB5PISOMA-MONOMER,Metabolism,1396
scpA,EG11444_RNA,METHYLMALONYL-COA-MUT-MONOMER,Metabolism,1397
argK,EG11445_RNA,EG11445-MONOMER,Metabolism,1398
acs,EG11448_RNA,ACS-MONOMER,Metabolism,1400
wecB,EG11451_RNA,UDPGLCNACEPIM-MONOMER,Metabolism,1403
wecC,EG11452_RNA,UDPMANNACADEHYDROG-MONOMER,Metabolism,1404
rffG,EG11453_RNA,DTDPGLUCDEHYDRAT2-MONOMER,Metabolism,1405
rffH,EG11454_RNA,DTDPGLUCOSEPP2-MONOMER,Metabolism,1406
rffC,EG11455_RNA,TDPFUCACTRANS-MONOMER,Metabolism,1407
wecE,EG11456_RNA,RFFTRANS-MONOMER,Metabolism,1408
rffM,EG11458_RNA,UDPMANACATRANS-MONOMER,Metabolism,1410
corA,EG11463_RNA,CORA-MONOMER,Metabolism,1414
rhtC,EG11468_RNA,RHTC-MONOMER,Metabolism,1419
rhtB,EG11469_RNA,RHTB-MONOMER,Metabolism,1420
yigL,EG11470_RNA,EG11470-MONOMER,Metabolism,1421
bioP,EG11471_RNA,EG11471-MONOMER,Metabolism,1422
ubiE,EG11473_RNA,2-OCTAPRENYL-METHOXY-BENZOQ-METH-MONOMER,Metabolism,1424
ubiJ,EG11474_RNA,EG11474-MONOMER,Metabolism,1425
tatC,EG11479_RNA,EG11479-MONOMER,Metabolism,1427
hemG,EG11485_RNA,PROTOPORGENOXI-MONOMER,Metabolism,1430
wzxE,EG11486_RNA,EG11486-MONOMER,Metabolism,1431
pdxH,EG11487_RNA,PDXH-MONOMER,Metabolism,1432
gadB,EG11490_RNA,GLUTDECARBOXB-MONOMER,Metabolism,1435
qorA,EG11492_RNA,QOR-MONOMER,Metabolism,1437
pabC,EG11493_RNA,ADCLY-MONOMER,Metabolism,1438
mltG,EG11494_RNA,EG11494-MONOMER,Metabolism,1439
prmA,EG11497_RNA,EG11497-MONOMER,Metabolism,1441
yhdJ,EG11498_RNA,EG11498-MONOMER,Metabolism,1442
adiA,EG11501_RNA,ARGDECARBOXDEG-MONOMER,Metabolism,1445
trmO,EG11503_RNA,EG11503-MONOMER,Metabolism,1447
metQ,EG11504_RNA,METQ-MONOMER,Metabolism,1448
ftsH,EG11506_RNA,EG11506-MONOMER,Metabolism,1450
rlmE,EG11507_RNA,EG11507-MONOMER,Metabolism,1451
ppk,EG11510_RNA,PPK-MONOMER,Metabolism,1454
mog,EG11511_RNA,EG11511-MONOMER,Metabolism,1455
satP,EG11512_RNA,EG11512-MONOMER,Metabolism,1456
glpX,EG11517_RNA,EG11517-MONOMER,Metabolism,1460
fabI,EG11528_RNA,ENOYL-ACP-REDUCT-NADH-MONOMER,Metabolism,1470
fadD,EG11530_RNA,ACYLCOASYN-MONOMER,Metabolism,1472
cfa,EG11531_RNA,CFA-MONOMER,Metabolism,1473
menC,EG11532_RNA,O-SUCCINYLBENZOATE-COA-SYN-MONOMER,Metabolism,1474
yfiC,EG11538_RNA,EG11538-MONOMER,Metabolism,1480
pyrH,EG11539_RNA,UMPKI-MONOMER,Metabolism,1481
wrbA,EG11540_RNA,PD01343,Metabolism,1482
kup,EG11541_RNA,KUP-MONOMER,Metabolism,1483
tesA,EG11542_RNA,THIOESTERI-MONOMER,Metabolism,1484
hemE,EG11543_RNA,UROGENDECARBOX-MONOMER,Metabolism,1485
nadC,EG11546_RNA,QUINOPRIBOTRANS-MONOMER,Metabolism,1488
lhr,EG11548_RNA,EG11548-MONOMER,Metabolism,1490
pepT,EG11549_RNA,EG11549-MONOMER,Metabolism,1491
hypF,EG11551_RNA,EG11551-MONOMER,Metabolism,1492
glmM,EG11553_RNA,PHOSGLUCOSAMINEMUT-MONOMER,Metabolism,1494
talB,EG11556_RNA,TRANSALDOLB-MONOMER,Metabolism,1497
caiD,EG11557_RNA,CARNRACE-MONOMER,Metabolism,1498
caiC,EG11558_RNA,CAIC-MONOMER,Metabolism,1499
caiB,EG11559_RNA,CARNDEHYDRA-MONOMER,Metabolism,1500
caiA,EG11560_RNA,CROBETREDUCT-MONOMER,Metabolism,1501
caiT,EG11561_RNA,CAIT-MONOMER,Metabolism,1502
kefF,EG11568_RNA,EG11568-MONOMER,Metabolism,1508
lptD,EG11569_RNA,EG11569-MONOMER,Metabolism,1509
thiQ,EG11572_RNA,SFUC-MONOMER,Metabolism,1512
thiP,EG11573_RNA,SFUB-MONOMER,Metabolism,1513
thiB,EG11574_RNA,SFUA-MONOMER,Metabolism,1514
leuD,EG11575_RNA,LEUD-MONOMER,Metabolism,1515
leuC,EG11576_RNA,LEUC-MONOMER,Metabolism,1516
leuB,EG11577_RNA,3-ISOPROPYLMALDEHYDROG-MONOMER,Metabolism,1517
ybiA,EG11579_RNA,EG11579-MONOMER,Metabolism,1519
hcxB,EG11581_RNA,EG11581-MONOMER,Metabolism,1521
gcl,EG11583_RNA,GLYOCARBOLIG-MONOMER,Metabolism,1522
thiC,EG11585_RNA,THIC-MONOMER,Metabolism,1523
thiE,EG11586_RNA,THIE-MONOMER,Metabolism,1524
thiF,EG11587_RNA,THIF-MONOMER,Metabolism,1525
thiG,EG11589_RNA,THIG-MONOMER,Metabolism,1526
thiH,EG11590_RNA,THIH-MONOMER,Metabolism,1527
lipB,EG11591_RNA,EG11591-MONOMER,Metabolism,1528
moaA,EG11595_RNA,EG11595-MONOMER,Metabolism,1531
moaD,EG11597_RNA,EG11597-MONOMER,Metabolism,1533
moaE,EG11598_RNA,EG11598-MONOMER,Metabolism,1534
sseA,EG11600_RNA,EG11600-MONOMER,Metabolism,1536
glnE,EG11602_RNA,GLNE-MONOMER,Metabolism,1538
ygiF,EG11603_RNA,EG11603-MONOMER,Metabolism,1539
clsA,EG11608_RNA,CARDIOLIPSYN-MONOMER,Metabolism,1544
proP,EG11612_RNA,PROP-MONOMER,Metabolism,1547
eptA,EG11613_RNA,EG11613-MONOMER,Metabolism,1548
basS,EG11614_RNA,BASS-MONOMER,Metabolism,1549
gdx,EG11616_RNA,SUGE-MONOMER,Metabolism,1551
baeR,EG11618_RNA,BAER-MONOMER,Transcription Regulation,1553
rnb,EG11620_RNA,EG11620-MONOMER,RNA Decay,1555
metN,EG11621_RNA,ABC-MONOMER,Metabolism,1556
sdaB,EG11623_RNA,LSERINEDEAM2-MONOMER,Metabolism,1558
artP,EG11624_RNA,ARTP-MONOMER,Metabolism,1559
artQ,EG11626_RNA,ARTQ-MONOMER,Metabolism,1561
artM,EG11627_RNA,ARTM-MONOMER,Metabolism,1562
artJ,EG11628_RNA,ARTJ-MONOMER,Metabolism,1563
potF,EG11629_RNA,POTF-MONOMER,Metabolism,1564
potG,EG11630_RNA,POTG-MONOMER,Metabolism,1565
potH,EG11631_RNA,POTH-MONOMER,Metabolism,1566
potI,EG11632_RNA,POTI-MONOMER,Metabolism,1567
ydeA,EG11636_RNA,YDEA-MONOMER,Metabolism,1570
eamA,EG11639_RNA,EG11639-MONOMER,Metabolism,1572
dgcZ,EG11643_RNA,EG11643-MONOMER,Metabolism,1574
psuK,EG11646_RNA,EG11646-MONOMER,Metabolism,1577
accA,EG11647_RNA,CARBOXYL-TRANSFERASE-ALPHA-MONOMER,Metabolism,1578
dkgB,EG11648_RNA,MONOMER0-149,Metabolism,1579
degS,EG11652_RNA,EG11652-MONOMER,Metabolism,1583
uidB,EG11658_RNA,UIDB-MONOMER,Metabolism,1588
yedK,EG11662_RNA,EG11662-MONOMER,Metabolism,1592
slyD,EG11663_RNA,EG11663-MONOMER,Metabolism,1593
bacA,EG11665_RNA,EG11665-MONOMER,Metabolism,1595
moaC,EG11666_RNA,EG11666-MONOMER,Metabolism,1596
atoD,EG11669_RNA,ATOD-MONOMER,Metabolism,1599
atoA,EG11670_RNA,ATOA-MONOMER,Metabolism,1600
atoE,EG11671_RNA,EG11671-MONOMER,Metabolism,1601
atoB,EG11672_RNA,ACETYL-COA-ACETYLTRANSFER-MONOMER,Metabolism,1602
folB,EG11673_RNA,H2NEOPTERINALDOL-MONOMER,Metabolism,1603
panB,EG11675_RNA,3-CH3-2-OXOBUTANOATE-OH-CH3-XFER-MONOMER,Metabolism,1605
hslV,EG11676_RNA,EG11676-MONOMER,Metabolism,1606
aas,EG11679_RNA,AAS-MONOMER,Metabolism,1609
lptB,EG11680_RNA,YHBG-MONOMER,Metabolism,1610
yicI,EG11685_RNA,EG11685-MONOMER,Metabolism,1615
nepI,EG11689_RNA,YICM-MONOMER,Metabolism,1619
adeQ,EG11691_RNA,EG11691-MONOMER,Metabolism,1621
adeD,EG11692_RNA,EG11692-MONOMER,Metabolism,1622
emrD,EG11693_RNA,EMRD-MONOMER,Metabolism,1623
galM,EG11698_RNA,ALDOSE1EPIM-MONOMER,Metabolism,1628
gpmA,EG11699_RNA,GPMA-MONOMER,Metabolism,1629
pnuC,EG11700_RNA,PNUC-MONOMER,Metabolism,1630
udk,EG11701_RNA,UDK-MONOMER,Metabolism,1631
nudC,EG11702_RNA,EG11702-MONOMER,Metabolism,1632
acrA,EG11703_RNA,EG11703-MONOMER,Metabolism,1633
acrB,EG11704_RNA,ACRB-MONOMER,Metabolism,1634
mdtL,EG11720_RNA,YIDY-MONOMER,Metabolism,1645
yieF,EG11723_RNA,EG11723-MONOMER,Metabolism,1648
adeP,EG11724_RNA,EG11724-MONOMER,Metabolism,1649
yieH,EG11725_RNA,EG11725-MONOMER,Metabolism,1650
ravA,EG11731_RNA,EG11731-MONOMER,Metabolism,1656
efeB,EG11735_RNA,EG11735-MONOMER,Metabolism,1660
gmhB,EG11736_RNA,EG11736-MONOMER,Metabolism,1661
metI,EG11737_RNA,METI-MONOMER,Metabolism,1662
panC,EG11746_RNA,PANTOATE-BETA-ALANINE-LIG-MONOMER,Metabolism,1670
otsA,EG11751_RNA,TREHALOSE6PSYN-MONOMER,Metabolism,1675
otsB,EG11752_RNA,TREHALOSEPHOSPHASYN-MONOMER,Metabolism,1676
chaA,EG11753_RNA,CHAA-MONOMER,Metabolism,1677
setA,EG11754_RNA,B0070-MONOMER,Metabolism,1678
tsaE,EG11757_RNA,EG11757-MONOMER,Metabolism,1679
nnr,EG11758_RNA,EG11758-MONOMER,Metabolism,1680
pptA,EG11761_RNA,EG11761-MONOMER,Metabolism,1683
selU,EG11768_RNA,EG11768-MONOMER,Metabolism,1689
nuoM,EG11773_RNA,NUOM-MONOMER,Metabolism,1691
nuoF,EG11774_RNA,NUOF-MONOMER,Metabolism,1692
trmB,EG11779_RNA,EG11779-MONOMER,Metabolism,1695
gmd,EG11787_RNA,GDPMANDEHYDRA-MONOMER,Metabolism,1702
fcl,EG11788_RNA,FCL-MONOMER,Metabolism,1703
gmm,EG11789_RNA,GDPMANMANHYDRO-MONOMER,Metabolism,1704
wcaI,EG11790_RNA,EG11790-MONOMER,Metabolism,1705
cmtB,EG11791_RNA,CMTB-MONOMER,Metabolism,1706
cmtA,EG11792_RNA,CMTA-MONOMER,Metabolism,1707
rlmM,EG11794_RNA,EG11794-MONOMER,Metabolism,1709
lplA,EG11796_RNA,EG11796-MONOMER,Metabolism,1711
talA,EG11797_RNA,TRANSALDOLA-MONOMER,Metabolism,1712
hybA,EG11799_RNA,HYBA-MONOMER,Metabolism,1714
hybB,EG11800_RNA,EG11800-MONOMER,Metabolism,1715
hybC,EG11801_RNA,HYBC-MONOMER,Metabolism,1716
purT,EG11809_RNA,GARTRANSFORMYL2-MONOMER,Metabolism,1724
gcvP,EG11810_RNA,GCVP-MONOMER,Metabolism,1725
aidB,EG11811_RNA,EG11811-MONOMER,Metabolism,1726
torA,EG11814_RNA,TORA-MONOMER,Metabolism,1728
torC,EG11815_RNA,EG11815-MONOMER,Metabolism,1729
ispF,EG11816_RNA,EG11816-MONOMER,Metabolism,1730
umpG,EG11817_RNA,EG11817-MONOMER,Metabolism,1731
purU,EG11819_RNA,FORMYLTHFDEFORMYL-MONOMER,Metabolism,1732
amtB,EG11821_RNA,AMTB-MONOMER,Metabolism,1734
puuB,EG11822_RNA,EG11822-MONOMER,Metabolism,1735
etk,EG11826_RNA,EG11826-MONOMER,Metabolism,1739
rpiB,EG11827_RNA,RIB5PISOMB-MONOMER,Metabolism,1740
mobA,EG11829_RNA,EG11829-MONOMER,Metabolism,1742
srkA,EG11831_RNA,EG11831-MONOMER,Metabolism,1744
yihG,EG11833_RNA,EG11833-MONOMER,Metabolism,1746
yihI,EG11835_RNA,EG11835-MONOMER,Metabolism,1747
hemN,EG11836_RNA,HEMN-MONOMER,Metabolism,1748
yihO,EG11841_RNA,YIHO-MONOMER,Metabolism,1753
yihQ,EG11843_RNA,EG11843-MONOMER,Metabolism,1755
yihS,EG11845_RNA,EG11845-MONOMER,Metabolism,1757
yihT,EG11846_RNA,EG11846-MONOMER,Metabolism,1758
yihU,EG11847_RNA,EG11847-MONOMER,Metabolism,1759
yihV,EG11848_RNA,EG11848-MONOMER,Metabolism,1760
yihX,EG11850_RNA,EG11850-MONOMER,Metabolism,1762
dtd,EG11852_RNA,EG11852-MONOMER,Metabolism,1764
fdoI,EG11856_RNA,FDOI-MONOMER,Metabolism,1768
fdoH,EG11857_RNA,FDOH-MONOMER,Metabolism,1769
fdoG,EG11858_RNA,FDOG-MONOMER,Metabolism,1770
fdhD,EG11859_RNA,EG11859-MONOMER,Metabolism,1771
rhaM,EG11865_RNA,EG11865-MONOMER,Metabolism,1777
rhaD,EG11866_RNA,RHAMNULPALDOL-MONOMER,Metabolism,1778
rhaA,EG11867_RNA,RHAMNISOM-MONOMER,Metabolism,1779
rhaB,EG11868_RNA,RHAMNULOKIN-MONOMER,Metabolism,1780
kdgT,EG11869_RNA,KDGT-MONOMER,Metabolism,1781
yiiM,EG11870_RNA,EG11870-MONOMER,Metabolism,1782
gph,EG11871_RNA,GPH-MONOMER,Metabolism,1783
fieF,EG11873_RNA,YIIP-MONOMER,Metabolism,1784
menA,EG11880_RNA,DMK-MONOMER,Metabolism,1791
hslU,EG11881_RNA,EG11881-MONOMER,Metabolism,1792
tehB,EG11884_RNA,EG11884-MONOMER,Metabolism,1795
trmL,EG11888_RNA,EG11888-MONOMER,Metabolism,1799
dacD,EG11893_RNA,RPOA-MONOMER,Metabolism,1804
tsuA,EG11895_RNA,EG11895-MONOMER,Metabolism,1806
plaP,EG11896_RNA,YEEF-MONOMER,Metabolism,1807
yijE,EG11902_RNA,EG11902-MONOMER,Metabolism,1812
gldA,EG11904_RNA,GLYCDEH-MONOMER,Metabolism,1814
fsaB,EG11905_RNA,EG11905-MONOMER,Metabolism,1815
eptC,EG11914_RNA,EG11914-MONOMER,Metabolism,1823
nfi,EG11915_RNA,EG11915-MONOMER,Metabolism,1824
yjbB,EG11919_RNA,EG11919-MONOMER,Metabolism,1828
pepE,EG11920_RNA,EG11920-MONOMER,Metabolism,1829
rluF,EG11921_RNA,EG11921-MONOMER,Metabolism,1830
dusA,EG11932_RNA,EG11932-MONOMER,Metabolism,1840
aphA,EG11934_RNA,APHA-MONOMER,Metabolism,1842
pdeC,EG11938_RNA,EG11938-MONOMER,Metabolism,1846
ghxP,EG11939_RNA,EG11939-MONOMER,Metabolism,1847
actP,EG11942_RNA,YJCG-MONOMER,Metabolism,1850
nrfC,EG11946_RNA,NRFC-MONOMER,Metabolism,1853
nrfD,EG11947_RNA,NRFD-MONOMER,Metabolism,1854
mdtP,EG11952_RNA,EG11952-MONOMER,Metabolism,1859
mdtO,EG11953_RNA,YJCQ-MONOMER,Metabolism,1860
mdtN,EG11954_RNA,EG11954-MONOMER,Metabolism,1861
yjcS,EG11955_RNA,EG11955-MONOMER,Metabolism,1862
alsK,EG11956_RNA,EG11956-MONOMER,Metabolism,1863
alsE,EG11957_RNA,EG11957-MONOMER,Metabolism,1864
alsC,EG11958_RNA,YJCV-MONOMER,Metabolism,1865
alsA,EG11959_RNA,YJCW-MONOMER,Metabolism,1866
lldP,EG11961_RNA,LCTP-MONOMER,Metabolism,1867
lldD,EG11963_RNA,L-LACTDEHYDROGFMN-MONOMER,Metabolism,1869
nupC,EG11971_RNA,NUPC-MONOMER,Metabolism,1876
rfbA,EG11978_RNA,DTDPGLUCOSEPP-MONOMER,Metabolism,1883
rfbC,EG11979_RNA,DTDPDEHYDRHAMEPIM-MONOMER,Metabolism,1884
glf,EG11981_RNA,GALPMUT-MONOMER,Metabolism,1886
wbbI,EG11983_RNA,EG11983-MONOMER,Metabolism,1888
yehW,EG12009_RNA,YEHW-MONOMER,Metabolism,1907
yehX,EG12010_RNA,YEHX-MONOMER,Metabolism,1908
yehY,EG12011_RNA,YEHY-MONOMER,Metabolism,1909
osmF,EG12012_RNA,YEHZ-MONOMER,Metabolism,1910
bglX,EG12013_RNA,EG12013-MONOMER,Metabolism,1911
pbpG,EG12015_RNA,EG12015-MONOMER,Metabolism,1912
dusC,EG12022_RNA,EG12022-MONOMER,Metabolism,1916
yeiG,EG12026_RNA,EG12026-MONOMER,Metabolism,1920
rihB,EG12030_RNA,EG12030-MONOMER,Metabolism,1924
psuT,EG12032_RNA,YEIM-MONOMER,Metabolism,1926
psuG,EG12033_RNA,EG12033-MONOMER,Metabolism,1927
setB,EG12034_RNA,B2170-MONOMER,Metabolism,1928
yejA,EG12037_RNA,YEJA-MONOMER,Metabolism,1931
yejB,EG12038_RNA,YEJB-MONOMER,Metabolism,1932
yejE,EG12040_RNA,YEJE-MONOMER,Metabolism,1933
yejF,EG12041_RNA,YEJF-MONOMER,Metabolism,1934
rsuA,EG12044_RNA,EG12044-MONOMER,Metabolism,1937
radD,EG12045_RNA,EG12045-MONOMER,Metabolism,1938
ccmH,EG12052_RNA,EG12052-MONOMER,Metabolism,1941
ccmG,EG12053_RNA,EG12053-MONOMER,Metabolism,1942
ccmF,EG12054_RNA,EG12054-MONOMER,Metabolism,1943
ccmE,EG12055_RNA,CCME-MONOMER,Metabolism,1944
ccmC,EG12057_RNA,CCMC-MONOMER,Metabolism,1945
ccmB,EG12058_RNA,CCMB-MONOMER,Metabolism,1946
ccmA,EG12059_RNA,CCMA-MONOMER,Metabolism,1947
napC,EG12060_RNA,NAPC-MONOMER,Metabolism,1948
napH,EG12062_RNA,NAPH-MONOMER,Metabolism,1950
napG,EG12064_RNA,NAPG-MONOMER,Metabolism,1951
mqo,EG12069_RNA,EG12069-MONOMER,Metabolism,1954
ftp,EG12073_RNA,EG12073-MONOMER,Metabolism,1956
nikA,EG12075_RNA,NIKA-MONOMER,Metabolism,1957
nikB,EG12076_RNA,NIKB-MONOMER,Metabolism,1958
nikC,EG12077_RNA,NIKC-MONOMER,Metabolism,1959
nikD,EG12078_RNA,NIKD-MONOMER,Metabolism,1960
nikE,EG12079_RNA,NIKE-MONOMER,Metabolism,1961
nuoA,EG12082_RNA,NUOA-MONOMER,Metabolism,1964
nuoB,EG12083_RNA,NUOB-MONOMER,Metabolism,1965
nuoC,EG12084_RNA,NUOC-MONOMER,Metabolism,1966
nuoE,EG12086_RNA,NUOE-MONOMER,Metabolism,1967
nuoG,EG12087_RNA,NUOG-MONOMER,Metabolism,1968
nuoH,EG12088_RNA,NUOH-MONOMER,Metabolism,1969
nuoI,EG12089_RNA,NUOI-MONOMER,Metabolism,1970
nuoJ,EG12090_RNA,NUOJ-MONOMER,Metabolism,1971
nuoK,EG12091_RNA,NUOK-MONOMER,Metabolism,1972
nuoL,EG12092_RNA,NUOL-MONOMER,Metabolism,1973
nuoN,EG12093_RNA,NUON-MONOMER,Metabolism,1974
secG,EG12095_RNA,SECG,Metabolism,1976
yfiH,EG12097_RNA,EG12097-MONOMER,Metabolism,1978
rluD,EG12098_RNA,EG12098-MONOMER,Metabolism,1979
tktB,EG12100_RNA,TRANSKETOII-MONOMER,Metabolism,1981
feoB,EG12102_RNA,FEOB-MONOMER,Metabolism,1983
yeiR,EG12104_RNA,EG12104-MONOMER,Metabolism,1984
yjjG,EG12115_RNA,EG12115-MONOMER,Metabolism,1994
lrhA,EG12123_RNA,EG12123-MONOMER,Transcription Regulation,2001
hisJ,EG12124_RNA,HISJ-MONOMER,Metabolism,2002
hisQ,EG12125_RNA,HISQ-MONOMER,Metabolism,2003
treB,EG12127_RNA,TREB-MONOMER,Metabolism,2004
lgt,EG12128_RNA,EG12128-MONOMER,Metabolism,2005
uraA,EG12129_RNA,URAA-MONOMER,Metabolism,2006
hscA,EG12130_RNA,EG12130-MONOMER,Metabolism,2007
ucpA,EG12133_RNA,EG12133-MONOMER,Metabolism,2010
rhtA,EG12134_RNA,EG12134-MONOMER,Metabolism,2011
sdaC,EG12142_RNA,SDAC-MONOMER,Metabolism,2018
pgm,EG12144_RNA,PHOSPHOGLUCMUT-MONOMER,Metabolism,2020
galP,EG12148_RNA,GALP-MONOMER,Metabolism,2023
cobS,EG12150_RNA,COBS-MONOMER,Metabolism,2024
cobT,EG12151_RNA,DMBPPRIBOSYLTRANS-MONOMER,Metabolism,2025
idnK,EG12152_RNA,GLUCONOKINI-MONOMER,Metabolism,2026
narU,EG12153_RNA,NARU-MONOMER,Metabolism,2027
ppnP,EG12159_RNA,EG12159-MONOMER,Metabolism,2031
rsmB,EG12163_RNA,EG12163-MONOMER,Metabolism,2032
cmoM,EG12167_RNA,EG12167-MONOMER,Metabolism,2036
brnQ,EG12168_RNA,BRNQ-MONOMER,Metabolism,2037
ccmD,EG12169_RNA,EG12169-MONOMER,Metabolism,2038
hinT,EG12172_RNA,EG12172-MONOMER,Metabolism,2040
gspM,EG12173_RNA,EG12173-MONOMER,Metabolism,2041
dsbD,EG12178_RNA,DSBD-MONOMER,Metabolism,2044
pagP,EG12180_RNA,EG12180-MONOMER,Metabolism,2046
ampG,EG12183_RNA,AMPG-MONOMER,Metabolism,2049
hemF,EG12189_RNA,COPROGENOXI-MONOMER,Metabolism,2051
nadK,EG12192_RNA,MONOMER0-541,Metabolism,2054
chbG,EG12198_RNA,EG12198-MONOMER,Metabolism,2060
rlmA,EG12207_RNA,EG12207-MONOMER,Metabolism,2067
crcB,EG12209_RNA,EG12209-MONOMER,Metabolism,2068
waaF,EG12210_RNA,EG12210-MONOMER,Metabolism,2069
zntA,EG12215_RNA,YHHO-MONOMER,Metabolism,2074
tusA,EG12216_RNA,EG12216-MONOMER,Metabolism,2075
yhhQ,EG12217_RNA,EG12217-MONOMER,Metabolism,2076
acpT,EG12221_RNA,EG12221-MONOMER,Metabolism,2079
pitA,EG12230_RNA,PITA-MONOMER,Metabolism,2085
dtpB,EG12232_RNA,YHIP-MONOMER,Metabolism,2087
rsmJ,EG12233_RNA,EG12233-MONOMER,Metabolism,2088
rlmJ,EG12234_RNA,EG12234-MONOMER,Metabolism,2089
arsB,EG12236_RNA,ARSF-MONOMER,Metabolism,2091
arsC,EG12237_RNA,EG12237-MONOMER,Metabolism,2092
mdtE,EG12240_RNA,EG12240-MONOMER,Metabolism,2093
mdtF,EG12241_RNA,YHIV-MONOMER,Metabolism,2094
ccp,EG12244_RNA,EG12244-MONOMER,Metabolism,2097
treF,EG12245_RNA,TREHALACYTO-MONOMER,Metabolism,2098
pdeH,EG12252_RNA,EG12252-MONOMER,Metabolism,2104
kdgK,EG12253_RNA,DEOXYGLUCONOKIN-MONOMER,Metabolism,2105
pdeK,EG12256_RNA,EG12256-MONOMER,Metabolism,2107
bcsG,EG12265_RNA,EG12265-MONOMER,Metabolism,2115
eptB,EG12267_RNA,EG12267-MONOMER,Metabolism,2117
yiaC,EG12270_RNA,EG12270-MONOMER,Metabolism,2120
ghrB,EG12272_RNA,MONOMER-43,Metabolism,2122
xylG,EG12275_RNA,XYLG-MONOMER,Metabolism,2125
xylH,EG12276_RNA,XYLH-MONOMER,Metabolism,2126
yiaK,EG12279_RNA,EG12279-MONOMER,Metabolism,2129
yiaM,EG12281_RNA,MONOMER0-422,Metabolism,2131
yiaN,EG12282_RNA,EG12282-MONOMER,Metabolism,2132
yiaO,EG12283_RNA,EG12283-MONOMER,Metabolism,2133
lyxK,EG12284_RNA,LYXK-MONOMER,Metabolism,2134
sgbH,EG12285_RNA,EG12285-MONOMER,Metabolism,2135
sgbU,EG12286_RNA,EG12286-MONOMER,Metabolism,2136
sgbE,EG12287_RNA,EG12287-MONOMER,Metabolism,2137
aldB,EG12292_RNA,ALDDEHYDROGB-MONOMER,Metabolism,2142
yiaY,EG12293_RNA,EG12293-MONOMER,Metabolism,2143
grxC,EG12294_RNA,GRXC-MONOMER,Metabolism,2144
gpmM,EG12296_RNA,PGMI-MONOMER,Metabolism,2146
tmk,EG12302_RNA,DTMPKI-MONOMER,Metabolism,2150
sapD,EG12304_RNA,SAPD-MONOMER,Metabolism,2152
sapF,EG12305_RNA,SAPF-MONOMER,Metabolism,2153
pepB,EG12310_RNA,EG12310-MONOMER,Metabolism,2156
coaE,EG12312_RNA,EG12312-MONOMER,Metabolism,2158
cueO,EG12318_RNA,EG12318-MONOMER,Metabolism,2163
can,EG12319_RNA,EG12319-MONOMER,Metabolism,2164
thpR,EG12330_RNA,EG12330-MONOMER,Metabolism,2174
clcA,EG12331_RNA,YADQ-MONOMER,Metabolism,2175
btuF,EG12334_RNA,EG12334-MONOMER,Metabolism,2178
ydfG,EG12345_RNA,EG12345-MONOMER,Metabolism,2189
tcyN,EG12347_RNA,EG12347-MONOMER,Metabolism,2190
ppiC,EG12352_RNA,EG12352-MONOMER,Metabolism,2191
arfB,EG12354_RNA,EG12354-MONOMER,Metabolism,2192
fadK,EG12357_RNA,EG12357-MONOMER,Metabolism,2194
ssuB,EG12358_RNA,YCBE-MONOMER,Metabolism,2195
kduD,EG12361_RNA,KDUD-MONOMER,Metabolism,2198
menF,EG12362_RNA,MENF-MONOMER,Metabolism,2199
rsmE,EG12366_RNA,EG12366-MONOMER,Metabolism,2202
cusA,EG12367_RNA,YBDE-MONOMER,Metabolism,2203
znuB,EG12368_RNA,ZNUB-MONOMER,Metabolism,2204
ppnN,EG12373_RNA,EG12373-MONOMER,Metabolism,2209
gntT,EG12380_RNA,GNTT-MONOMER,Metabolism,2215
nrdF,EG12381_RNA,NRDF-MONOMER,Metabolism,2216
ybcF,EG12384_RNA,EG12384-MONOMER,Metabolism,2217
lhgD,EG12387_RNA,EG12387-MONOMER,Metabolism,2220
dauA,EG12392_RNA,YCHM-MONOMER,Metabolism,2223
ttdT,EG12393_RNA,YGJE-MONOMER,Metabolism,2224
msrB,EG12394_RNA,EG12394-MONOMER,Metabolism,2225
dgcE,EG12396_RNA,EG12396-MONOMER,Metabolism,2227
dhaM,EG12399_RNA,EG12399-MONOMER,Metabolism,2229
mdtK,EG12400_RNA,YDHE-MONOMER,Metabolism,2230
rlmN,EG12401_RNA,EG12401-MONOMER,Metabolism,2231
chaC,EG12403_RNA,EG12403-MONOMER,Metabolism,2233
nudK,EG12410_RNA,EG12410-MONOMER,Metabolism,2239
rfbD,EG12411_RNA,DTDPDEHYRHAMREDUCT-MONOMER,Metabolism,2240
rfbB,EG12412_RNA,DTDPGLUCDEHYDRAT-MONOMER,Metabolism,2241
gatA,EG12414_RNA,GATA-MONOMER,Metabolism,2242
gatB,EG12415_RNA,GATB-MONOMER,Metabolism,2243
gatD,EG12417_RNA,GALACTITOLPDEHYD-MONOMER,Metabolism,2244
gatY,EG12419_RNA,TAGAALDOL2-MONOMER,Metabolism,2245
tauD,EG12423_RNA,MONOMER0-147,Metabolism,2248
prmC,EG12424_RNA,EG12424-MONOMER,Metabolism,2249
modA,EG12427_RNA,MODA-MONOMER,Metabolism,2250
ydiF,EG12432_RNA,EG12432-MONOMER,Metabolism,2254
rluB,EG12433_RNA,EG12433-MONOMER,Metabolism,2255
menE,EG12437_RNA,O-SUCCINYLBENZOATE-COA-LIG-MONOMER,Metabolism,2258
menH,EG12438_RNA,EG12438-MONOMER,Metabolism,2259
yjfF,EG12439_RNA,YJFF-MONOMER,Metabolism,2260
mpl,EG12440_RNA,EG12440-MONOMER,Metabolism,2261
eamB,EG12445_RNA,EG12445-MONOMER,Metabolism,2265
prmB,EG12449_RNA,EG12449-MONOMER,Metabolism,2268
norW,EG12450_RNA,EG12450-MONOMER,Metabolism,2269
lplT,EG12455_RNA,EG12455-MONOMER,Metabolism,2271
alsB,EG12458_RNA,YJCX-MONOMER,Metabolism,2272
adiC,EG12462_RNA,YJDE-MONOMER,Metabolism,2273
dtpC,EG12469_RNA,YJDL-MONOMER,Metabolism,2274
ulaB,EG12494_RNA,YJFT-MONOMER,Metabolism,2276
ulaC,EG12495_RNA,YJFU-MONOMER,Metabolism,2277
cycA,EG12504_RNA,CYCA-MONOMER,Metabolism,2278
ytfQ,EG12517_RNA,YTFQ-MONOMER,Metabolism,2279
ytfR,EG12518_RNA,YTFR-MONOMER,Metabolism,2280
ytfT,EG12520_RNA,YTFT-MONOMER,Metabolism,2281
garD,EG12522_RNA,GALACTARDEHYDRA-MONOMER,Metabolism,2282
mgtA,EG12525_RNA,MGTA-MONOMER,Metabolism,2283
idnT,EG12539_RNA,YJGT-MONOMER,Metabolism,2284
nanX,EG12544_RNA,YJHB-MONOMER,Metabolism,2285
gntP,EG12563_RNA,GNTP-MONOMER,Metabolism,2290
mdtM,EG12576_RNA,YJIO-MONOMER,Metabolism,2291
lgoT,EG12587_RNA,YJIZ-MONOMER,Metabolism,2292
opgB,EG12591_RNA,PGLYCEROLTRANSI-MONOMER,Metabolism,2293
yjjX,EG12600_RNA,EG12600-MONOMER,Metabolism,2294
fabF,EG12606_RNA,3-OXOACYL-ACP-SYNTHII-MONOMER,Metabolism,2296
rluA,EG12609_RNA,EG12609-MONOMER,Metabolism,2298
dppB,EG12625_RNA,DPPB-MONOMER,Metabolism,2304
dppC,EG12626_RNA,DPPC-MONOMER,Metabolism,2305
dppD,EG12627_RNA,DPPD-MONOMER,Metabolism,2306
dppF,EG12628_RNA,DPPF-MONOMER,Metabolism,2307
gntK,EG12629_RNA,GLUCONOKINII-MONOMER,Metabolism,2308
gntU,EG12631_RNA,GNTU-MONOMER,Metabolism,2310
nudF,EG12633_RNA,EG12633-MONOMER,Metabolism,2311
mdaB,EG12656_RNA,EG12656-MONOMER,Metabolism,2313
gltJ,EG12661_RNA,GLTJ-MONOMER,Metabolism,2316
gltK,EG12662_RNA,GLTK-MONOMER,Metabolism,2317
gltL,EG12663_RNA,GLTL-MONOMER,Metabolism,2318
lpxH,EG12666_RNA,EG12666-MONOMER,Metabolism,2319
grxB,EG12688_RNA,GRXB-MONOMER,Metabolism,2320
nudL,EG12693_RNA,EG12693-MONOMER,Metabolism,2325
luxS,EG12712_RNA,EG12712-MONOMER,Metabolism,2336
yddG,EG12713_RNA,EG12713-MONOMER,Metabolism,2337
dxr,EG12715_RNA,DXPREDISOM-MONOMER,Metabolism,2338
sstT,EG12732_RNA,YGJU-MONOMER,Metabolism,2341
uxaA,EG12734_RNA,ALTRODEHYDRAT-MONOMER,Metabolism,2342
exuT,EG12738_RNA,EXUT-MONOMER,Metabolism,2343
garP,EG12760_RNA,YHAU-MONOMER,Metabolism,2346
kbaY,EG12768_RNA,TAGAALDOL1-MONOMER,Metabolism,2347
abgT,EG12853_RNA,ABGT-MONOMER,Metabolism,2366
ampH,EG12867_RNA,EG12867-MONOMER,Metabolism,2375
tusE,EG12876_RNA,EG12876-MONOMER,Metabolism,2380
dgcN,EG12880_RNA,EG12880-MONOMER,Metabolism,2384
gss,EG12882_RNA,GSP-MONOMER,Metabolism,2385
pitB,EG12883_RNA,PITB-MONOMER,Metabolism,2386
frlA,EG12908_RNA,YHFM-MONOMER,Metabolism,2388
glk,EG12957_RNA,GLUCOKIN-MONOMER,Metabolism,2390
tynA,EG13139_RNA,AMINEOXID-MONOMER,Metabolism,2391
xapB,EG13159_RNA,XAPB-MONOMER,Metabolism,2392
mngA,EG13235_RNA,HRSA-MONOMER,Metabolism,2396
mngB,EG13236_RNA,EG13236-MONOMER,Metabolism,2397
cobU,EG13238_RNA,COBU-MONOMER,Metabolism,2398
aqpZ,EG13270_RNA,AQPZ-MONOMER,Metabolism,2399
emrY,EG13283_RNA,EMRY-MONOMER,Metabolism,2400
dctA,EG20044_RNA,DCTA-MONOMER,Metabolism,2401
dgoA,EG20049_RNA,DEHYDDEOXPHOSGALACT-ALDOL-MONOMER,Metabolism,2402
dgoK,EG20051_RNA,DEHYDDEOXGALACTKIN-MONOMER,Metabolism,2403
dgoT,EG20053_RNA,YIDT-MONOMER,Metabolism,2404
glcB,EG20080_RNA,MALSYNG-MONOMER,Metabolism,2405
gpsA,EG20091_RNA,GLYC3PDEHYDROGBIOSYN-MONOMER,Metabolism,2406
hpt,EG20098_RNA,HYPOXANPRIBOSYLTRAN-MONOMER,Metabolism,2407
kefB,EG20110_RNA,KEFB-MONOMER,Metabolism,2408
pta,EG20173_RNA,PHOSACETYLTRANS-MONOMER,Metabolism,2409
uxuB,EG20248_RNA,MANNONOXIDOREDUCT-MONOMER,Metabolism,2410
xylF,EG20252_RNA,XYLF-MONOMER,Metabolism,2412
nrdE,EG20257_RNA,NRDE-MONOMER,Metabolism,2414
rplU,EG50001_RNA,EG50001-MONOMER,Translation,2524
rpmA,EG50002_RNA,EG50002-MONOMER,Translation,2525
nfsB,EG50005_RNA,DIHYDROPTERIREDUCT-MONOMER,Metabolism,2528
eutB,EG50006_RNA,EUTB-MONOMER,Metabolism,2529
eutC,EG50007_RNA,EUTC-MONOMER,Metabolism,2530
gadA,EG50009_RNA,GLUTDECARBOXA-MONOMER,Metabolism,2531
frmA,EG50010_RNA,ADHC-MONOMER,Metabolism,2532
folP,EG50011_RNA,H2PTEROATESYNTH-MONOMER,Metabolism,2533
kdpF,G0-10439_RNA,MONOMER0-12,Metabolism,2544
cydX,G0-10441_RNA,MONOMER0-2663,Metabolism,2546
arnE,G0-10460_RNA,MONOMER0-2682,Metabolism,2560
appX,G0-10588_RNA,MONOMER0-2817,Metabolism,2603
cydH,G0-10594_RNA,MONOMER0-2822,Metabolism,2609
glcF,G0-8601_RNA,MONOMER0-561,Metabolism,2799
pdxB,G0-9461_RNA,ERYTHRON4PDEHYDROG-MONOMER,Metabolism,2846
yajL,G198_RNA,HMP-KIN-MONOMER,Metabolism,2869
sapC,G2000_RNA,SAPC-MONOMER,Metabolism,2870
sapB,G2001_RNA,SAPB-MONOMER,Metabolism,2871
fadH,G36_RNA,DIENOYLCOAREDUCT-MONOMER,Metabolism,2876
nanT,G436_RNA,NANT-MONOMER,Metabolism,2890
bglA,G495_RNA,G495-MONOMER,Metabolism,2891
maa,G58_RNA,MALTACETYLTRAN-MONOMER,Metabolism,2892
ldhA,G592_RNA,DLACTDEHYDROGNAD-MONOMER,Metabolism,2893
ispU,G6092_RNA,UPPSYN-MONOMER,Metabolism,2901
ldcC,G6094_RNA,LDC2-MONOMER,Metabolism,2903
tilS,G6096_RNA,G6096-MONOMER,Metabolism,2905
gloB,G6099_RNA,GLYOXII-MONOMER,Metabolism,2908
yafV,G6103_RNA,G6103-MONOMER,Metabolism,2911
fadE,G6105_RNA,ACYLCOADEHYDROG-MONOMER,Metabolism,2913
gmhA,G6106_RNA,G6106-MONOMER,Metabolism,2914
dpaA,G6108_RNA,G6108-MONOMER,Metabolism,2916
mmuP,G6135_RNA,B0260-MONOMER,Metabolism,2938
mmuM,G6136_RNA,MMUM-MONOMER,Metabolism,2939
yagE,G6140_RNA,G6140-MONOMER,Metabolism,2942
yagF,G6141_RNA,G6141-MONOMER,Metabolism,2943
paoC,G6155_RNA,G6155-MONOMER,Metabolism,2957
paoB,G6156_RNA,G6156-MONOMER,Metabolism,2958
paoA,G6157_RNA,G6157-MONOMER,Metabolism,2959
rclA,G6174_RNA,G6174-MONOMER,Metabolism,2974
yahK,G6190_RNA,G6190-MONOMER,Metabolism,2988
prpB,G6196_RNA,G6196-MONOMER,Metabolism,2994
prpC,G6198_RNA,G6198-MONOMER,Metabolism,2995
prpD,G6199_RNA,G6199-MONOMER,Metabolism,2996
prpE,G6200_RNA,G6200-MONOMER,Metabolism,2997
mhpE,G6205_RNA,MHPELY-MONOMER,Metabolism,2999
mhpT,G6206_RNA,MHPT-MONOMER,Metabolism,3000
frmB,G6208_RNA,G6208-MONOMER,Metabolism,3002
tauA,G6217_RNA,TAUA-MONOMER,Metabolism,3009
tauB,G6218_RNA,TAUB-MONOMER,Metabolism,3010
tauC,G6219_RNA,TAUC-MONOMER,Metabolism,3011
thiL,G6234_RNA,THI-P-KIN-MONOMER,Metabolism,3020
dxs,G6237_RNA,DXS-MONOMER,Metabolism,3022
thiI,G6238_RNA,THII-MONOMER,Metabolism,3023
panE,G6239_RNA,2-DEHYDROPANTOATE-REDUCT-MONOMER,Metabolism,3024
fadM,G6244_RNA,G6244-MONOMER,Metabolism,3029
queC,G6245_RNA,G6245-MONOMER,Metabolism,3030
cof,G6246_RNA,G6246-MONOMER,Metabolism,3031
fsr,G6256_RNA,FSR-MONOMER,Metabolism,3039
glsA,G6261_RNA,G6261-MONOMER,Metabolism,3043
ybbO,G6269_RNA,G6269-MONOMER,Metabolism,3051
allA,G6275_RNA,G6275-MONOMER,Metabolism,3055
hyi,G6277_RNA,G6277-MONOMER,Metabolism,3057
glxR,G6278_RNA,G6278-MONOMER,Metabolism,3058
allB,G6281_RNA,G6281-MONOMER,Metabolism,3060
glxK,G6283_RNA,GLY3KIN-MONOMER,Metabolism,3062
allE,G6284_RNA,G6284-MONOMER,Metabolism,3063
allC,G6285_RNA,G6285-MONOMER,Metabolism,3064
allD,G6286_RNA,G6286-MONOMER,Metabolism,3065
fdrA,G6287_RNA,G6287-MONOMER,Metabolism,3066
rrrD,G6310_RNA,G6310-MONOMER,Metabolism,3085
cusS,G6318_RNA,G6318-MONOMER,Metabolism,3092
cusC,G6320_RNA,G6320-MONOMER,Metabolism,3094
cusF,G6321_RNA,G6321-MONOMER,Metabolism,3095
cusB,G6322_RNA,G6322-MONOMER,Metabolism,3096
ybdK,G6326_RNA,G6326-MONOMER,Metabolism,3100
ybdL,G6329_RNA,G6329-MONOMER,Metabolism,3102
dsbG,G6333_RNA,DSBG-MONOMER,Metabolism,3106
citT,G6338_RNA,B0612-MONOMER,Metabolism,3110
citG,G6339_RNA,G6339-MONOMER,Metabolism,3111
citX,G6340_RNA,G6340-MONOMER,Metabolism,3112
citC,G6344_RNA,CITC-MONOMER,Metabolism,3116
dcuC,G6347_RNA,DCUC-MONOMER,Metabolism,3119
cobC,G6349_RNA,RIBAZOLEPHOSPHAT-MONOMER,Metabolism,3120
nadD,G6350_RNA,NICONUCADENYLYLTRAN-MONOMER,Metabolism,3121
rihA,G6358_RNA,G6358-MONOMER,Metabolism,3129
gltI,G6359_RNA,G6359-MONOMER,Metabolism,3130
miaB,G6364_RNA,G6364-MONOMER,Metabolism,3135
ubiF,G6365_RNA,OCTAPRENYL-METHYL-METHOXY-BENZOQ-OH-MON,Metabolism,3136
chiP,G6370_RNA,G6370-MONOMER,Metabolism,3137
dtpD,G6378_RNA,B0709-MONOMER,Metabolism,3140
pxpB,G6380_RNA,G6380-MONOMER,Metabolism,3142
pxpC,G6381_RNA,G6381-MONOMER,Metabolism,3143
pxpA,G6382_RNA,G6382-MONOMER,Metabolism,3144
zitB,G6393_RNA,B0752-MONOMER,Metabolism,3154
pgl,G6397_RNA,6PGLUCONOLACT-MONOMER,Metabolism,3158
clsB,G6406_RNA,G6406-MONOMER,Metabolism,3167
ybhR,G6409_RNA,YBHR-MONOMER,Metabolism,3170
ybhS,G6410_RNA,YBHS-MONOMER,Metabolism,3171
ybhF,G6411_RNA,YBHF-MONOMER,Metabolism,3172
fiu,G6414_RNA,G6414-MONOMER,Metabolism,3175
rlmF,G6416_RNA,G6416-MONOMER,Metabolism,3177
opgE,G6418_RNA,G6418-MONOMER,Metabolism,3179
ldtB,G6422_RNA,G6422-MONOMER,Metabolism,3182
ybiV,G6425_RNA,G6425-MONOMER,Metabolism,3185
fsaA,G6428_RNA,G6428-MONOMER,Metabolism,3188
gsiA,G6429_RNA,YLIA-MONOMER,Metabolism,3189
gsiB,G6430_RNA,YLIB-MONOMER,Metabolism,3190
gsiC,G6431_RNA,YLIC-MONOMER,Metabolism,3191
gsiD,G6432_RNA,YLID-MONOMER,Metabolism,3192
rimO,G6435_RNA,G6435-MONOMER,Metabolism,3195
yliI,G6437_RNA,G6437-MONOMER,Metabolism,3197
ybjG,G6439_RNA,G6439-MONOMER,Metabolism,3199
mdfA,G6440_RNA,CMR-MONOMER,Metabolism,3200
ybjI,G6442_RNA,G6442-MONOMER,Metabolism,3202
rlmC,G6449_RNA,G6449-MONOMER,Metabolism,3209
amiD,G6452_RNA,G6452-MONOMER,Metabolism,3212
ltaE,G6455_RNA,LTAA-MONOMER,Metabolism,3215
hcr,G6456_RNA,G6456-MONOMER,Metabolism,3216
hcp,G6457_RNA,G6457-MONOMER,Metabolism,3217
lysO,G6458_RNA,G6458-MONOMER,Metabolism,3218
macA,G6461_RNA,MACA,Metabolism,3221
macB,G6462_RNA,MACB,Metabolism,3222
ycaO,G6468_RNA,G6468-MONOMER,Metabolism,3228
ycaQ,G6471_RNA,G6471-MONOMER,Metabolism,3231
mepK,G6474_RNA,G6474-MONOMER,Metabolism,3234
gloC,G6475_RNA,G6475-MONOMER,Metabolism,3235
ssuC,G6476_RNA,YCBM-MONOMER,Metabolism,3236
ssuD,G6477_RNA,MONOMER-162,Metabolism,3237
ssuA,G6478_RNA,G6478-MONOMER,Metabolism,3238
ssuE,G6479_RNA,MONOMER0-146,Metabolism,3239
ycbX,G6487_RNA,G6487-MONOMER,Metabolism,3247
rlmL,G6488_RNA,G6488-MONOMER,Metabolism,3248
mgsA,G6497_RNA,METHGLYSYN-MONOMER,Metabolism,3257
rlmI,G6501_RNA,G6501-MONOMER,Metabolism,3261
yccX,G6502_RNA,G6502-MONOMER,Metabolism,3262
etp,G6503_RNA,G6503-MONOMER,Metabolism,3263
rutG,G6517_RNA,B1006-MONOMER,Metabolism,3276
rutF,G6518_RNA,G6518-MONOMER,Metabolism,3277
rutE,G6519_RNA,G6519-MONOMER,Metabolism,3278
rutD,G6520_RNA,G6520-MONOMER,Metabolism,3279
rutC,G6521_RNA,G6521-MONOMER,Metabolism,3280
rutB,G6522_RNA,G6522-MONOMER,Metabolism,3281
rutA,G6523_RNA,G6523-MONOMER,Metabolism,3282
pgaD,G6528_RNA,G6528-MONOMER,Metabolism,3284
pgaC,G6529_RNA,G6529-MONOMER,Metabolism,3285
pgaB,G6530_RNA,G6530-MONOMER,Metabolism,3286
dgcT,G6532_RNA,G6532-MONOMER,Metabolism,3288
ghrA,G6539_RNA,G6539-MONOMER,Metabolism,3292
ymdB,G6550_RNA,G6550-MONOMER,Metabolism,3303
clsC,G6551_RNA,G6551-MONOMER,Metabolism,3304
murJ,G6561_RNA,G6561-MONOMER,Metabolism,3313
thiK,G6566_RNA,THIKIN-MONOMER,Metabolism,3318
nagZ,G6567_RNA,G6567-MONOMER,Metabolism,3319
ldtC,G6571_RNA,G6571-MONOMER,Metabolism,3323
lolC,G6573_RNA,YCFU-MONOMER,Metabolism,3325
lolD,G6574_RNA,YCFV-MONOMER,Metabolism,3326
lolE,G6575_RNA,YCFW-MONOMER,Metabolism,3327
nagK,G6576_RNA,G6576-MONOMER,Metabolism,3328
nudJ,G6580_RNA,G6580-MONOMER,Metabolism,3332
rluE,G6581_RNA,G6581-MONOMER,Metabolism,3333
ldcA,G6621_RNA,G6621-MONOMER,Metabolism,3367
emtA,G6622_RNA,G6622-MONOMER,Metabolism,3368
dhaL,G6626_RNA,MONOMER0-1261,Metabolism,3372
dhaK,G6627_RNA,G6627-MONOMER,Metabolism,3373
rnm,G6634_RNA,G6634-MONOMER,Metabolism,3379
pdeR,G6639_RNA,G6639-MONOMER,Metabolism,3384
puuP,G6643_RNA,B1296-MONOMER,Metabolism,3388
puuA,G6644_RNA,G6644-MONOMER,Metabolism,3389
puuD,G6645_RNA,G6645-MONOMER,Metabolism,3390
puuE,G6646_RNA,G6646-MONOMER,Metabolism,3391
ycjM,G6647_RNA,G6647-MONOMER,Metabolism,3392
ycjQ,G6651_RNA,G6651-MONOMER,Metabolism,3396
ycjR,G6652_RNA,G6652-MONOMER,Metabolism,3397
ycjS,G6653_RNA,G6653-MONOMER,Metabolism,3398
ycjT,G6654_RNA,G6654-MONOMER,Metabolism,3399
ycjU,G6655_RNA,G6655-MONOMER,Metabolism,3400
tpx,G6660_RNA,G6660-MONOMER,Metabolism,3404
ycjG,G6661_RNA,G6661-MONOMER,Metabolism,3405
mpaA,G6662_RNA,G6662-MONOMER,Metabolism,3406
mppA,G6665_RNA,G6665-MONOMER,Metabolism,3409
abgB,G6669_RNA,G6669-MONOMER,Metabolism,3413
abgA,G6670_RNA,G6670-MONOMER,Metabolism,3414
dgcM,G6673_RNA,G6673-MONOMER,Metabolism,3417
zntB,G6674_RNA,G6674-MONOMER,Metabolism,3418
ttcA,G6675_RNA,G6675-MONOMER,Metabolism,3419
ydbK,G6701_RNA,G6701-MONOMER,Metabolism,3439
paaZ,G6708_RNA,G6708-MONOMER,Metabolism,3445
paaA,G6709_RNA,G6709-MONOMER,Metabolism,3446
paaB,G6710_RNA,G6710-MONOMER,Metabolism,3447
paaC,G6711_RNA,G6711-MONOMER,Metabolism,3448
paaE,G6713_RNA,G6713-MONOMER,Metabolism,3450
paaF,G6714_RNA,G6714-MONOMER,Metabolism,3451
paaG,G6715_RNA,G6715-MONOMER,Metabolism,3452
paaH,G6716_RNA,G6716-MONOMER,Metabolism,3453
paaI,G6717_RNA,G6717-MONOMER,Metabolism,3454
paaJ,G6718_RNA,G6718-MONOMER,Metabolism,3455
paaK,G6719_RNA,G6719-MONOMER,Metabolism,3456
paaY,G6721_RNA,G6721-MONOMER,Metabolism,3458
azoR,G6731_RNA,G6731-MONOMER,Metabolism,3466
rlhA,G6746_RNA,G6746-MONOMER,Metabolism,3476
patD,G6755_RNA,G6755-MONOMER,Metabolism,3484
mnaT,G6759_RNA,G6759-MONOMER,Metabolism,3488
curA,G6760_RNA,G6760-MONOMER,Metabolism,3489
ansP,G6764_RNA,ANSP-MONOMER,Metabolism,3493
nhoA,G6770_RNA,G6770-MONOMER,Metabolism,3497
adhP,G6775_RNA,ADHP-MONOMER,Metabolism,3501
ddpX,G6782_RNA,G6782-MONOMER,Metabolism,3508
dosP,G6783_RNA,G6783-MONOMER,Metabolism,3509
dosC,G6784_RNA,G6784-MONOMER,Metabolism,3510
gadC,G6786_RNA,XASA-MONOMER,Metabolism,3512
lsrK,G6798_RNA,G6798-MONOMER,Metabolism,3522
lsrA,G6800_RNA,YDEX-MONOMER,Metabolism,3524
lsrC,G6801_RNA,YDEY-MONOMER,Metabolism,3525
lsrD,G6802_RNA,YDEZ-MONOMER,Metabolism,3526
lsrB,G6803_RNA,YNEA-MONOMER,Metabolism,3527
lsrF,G6804_RNA,G6804-MONOMER,Metabolism,3528
lsrG,G6805_RNA,G6805-MONOMER,Metabolism,3529
tam,G6806_RNA,G6806-MONOMER,Metabolism,3530
glsB,G6810_RNA,G6810-MONOMER,Metabolism,3534
sad,G6811_RNA,G6811-MONOMER,Metabolism,3535
speG,G6842_RNA,SPERMACTRAN-MONOMER,Metabolism,3564
ynfE,G6845_RNA,G6845-MONOMER,Metabolism,3567
ynfF,G6846_RNA,G6846-MONOMER,Metabolism,3568
ynfG,G6847_RNA,G6847-MONOMER,Metabolism,3569
ynfH,G6848_RNA,G6848-MONOMER,Metabolism,3570
clcB,G6850_RNA,YNFJ-MONOMER,Metabolism,3572
bidA,G6851_RNA,G6851-MONOMER,Metabolism,3573
mdtI,G6857_RNA,B1599-MONOMER,Metabolism,3579
mdtJ,G6858_RNA,B1600-MONOMER,Metabolism,3580
tqsA,G6859_RNA,G6859-MONOMER,Metabolism,3581
folM,G6862_RNA,G6862-MONOMER,Metabolism,3584
dtpA,G6877_RNA,B1634-MONOMER,Metabolism,3599
pdxY,G6879_RNA,PDXY-MONOMER,Metabolism,3601
anmK,G6880_RNA,G6880-MONOMER,Metabolism,3602
sodC,G6886_RNA,G6886-MONOMER,Metabolism,3608
gloA,G6891_RNA,GLYOXI-MONOMER,Metabolism,3613
mepH,G6892_RNA,G6892-MONOMER,Metabolism,3614
fumD,G6903_RNA,G6903-MONOMER,Metabolism,3625
ldtE,G6904_RNA,G6904-MONOMER,Metabolism,3626
sufS,G6906_RNA,G6906-MONOMER,Metabolism,3628
menI,G6912_RNA,G6912-MONOMER,Metabolism,3633
selO,G6924_RNA,G6924-MONOMER,Metabolism,3645
hxpB,G6932_RNA,G6932-MONOMER,Metabolism,3651
tcyP,G6934_RNA,G6934-MONOMER,Metabolism,3653
astE,G6940_RNA,SUCCGLUDESUCC-MONOMER,Metabolism,3659
astB,G6941_RNA,SUCCARGDIHYDRO-MONOMER,Metabolism,3660
astD,G6942_RNA,SUCCGLUALDDEHYD-MONOMER,Metabolism,3661
astA,G6943_RNA,ARGSUCCTRAN-MONOMER,Metabolism,3662
astC,G6944_RNA,SUCCORNTRANSAM-MONOMER,Metabolism,3663
ynjE,G6952_RNA,G6952-MONOMER,Metabolism,3671
nudG,G6954_RNA,G6954-MONOMER,Metabolism,3673
ydjG,G6958_RNA,G6958-MONOMER,Metabolism,3677
ydjH,G6959_RNA,G6959-MONOMER,Metabolism,3678
ydjI,G6960_RNA,G6960-MONOMER,Metabolism,3679
yeaE,G6967_RNA,G6967-MONOMER,Metabolism,3685
yeaG,G6969_RNA,G6969-MONOMER,Metabolism,3687
dgcJ,G6972_RNA,G6972-MONOMER,Metabolism,3690
nimT,G6977_RNA,B1791-MONOMER,Metabolism,3695
dgcP,G6980_RNA,G6980-MONOMER,Metabolism,3698
leuE,G6984_RNA,G6984-MONOMER,Metabolism,3702
dmlA,G6986_RNA,G6986-MONOMER,Metabolism,3704
yeaW,G6988_RNA,G6988-MONOMER,Metabolism,3706
yeaX,G6989_RNA,G6989-MONOMER,Metabolism,3707
tsaB,G6991_RNA,G6991-MONOMER,Metabolism,3709
mntP,G6999_RNA,G6999-MONOMER,Metabolism,3717
msrC,G7005_RNA,G7005-MONOMER,Metabolism,3723
rsmF,G7008_RNA,G7008-MONOMER,Metabolism,3726
pphA,G7011_RNA,G7011-MONOMER,Metabolism,3729
znuA,G7017_RNA,ZNUA-MONOMER,Metabolism,3735
znuC,G7018_RNA,ZNUC-MONOMER,Metabolism,3736
cmoA,G7020_RNA,G7020-MONOMER,Metabolism,3738
cmoB,G7021_RNA,G7021-MONOMER,Metabolism,3739
torZ,G7022_RNA,G7022-MONOMER,Metabolism,3740
tcyL,G7037_RNA,G7037-MONOMER,Metabolism,3753
dcyD,G7038_RNA,DCYSDESULF-MONOMER,Metabolism,3754
tcyJ,G7039_RNA,G7039-MONOMER,Metabolism,3755
dgcQ,G7049_RNA,G7049-MONOMER,Metabolism,3761
hchA,G7055_RNA,G7055-MONOMER,Metabolism,3764
hiuH,G7058_RNA,G7058-MONOMER,Metabolism,3767
msrP,G7059_RNA,G7059-MONOMER,Metabolism,3768
msrQ,G7060_RNA,G7060-MONOMER,Metabolism,3769
mtfA,G7063_RNA,G7063-MONOMER,Metabolism,3772
shiA,G7067_RNA,SHIA-MONOMER,Metabolism,3774
yeeO,G7070_RNA,YEEO-MONOMER,Metabolism,3777
ldtA,G7073_RNA,G7073-MONOMER,Metabolism,3780
ugd,G7091_RNA,UGD-MONOMER,Metabolism,3795
wcaL,G7095_RNA,G7095-MONOMER,Metabolism,3799
wcaK,G7096_RNA,G7096-MONOMER,Metabolism,3800
wzxC,G7097_RNA,G7097-MONOMER,Metabolism,3801
wcaJ,G7098_RNA,G7098-MONOMER,Metabolism,3802
wcaF,G7099_RNA,G7099-MONOMER,Metabolism,3803
wcaE,G7100_RNA,G7100-MONOMER,Metabolism,3804
wcaC,G7102_RNA,G7102-MONOMER,Metabolism,3806
wcaB,G7103_RNA,G7103-MONOMER,Metabolism,3807
wcaA,G7104_RNA,G7104-MONOMER,Metabolism,3808
wzc,G7105_RNA,G7105-MONOMER,Metabolism,3809
wzb,G7106_RNA,G7106-MONOMER,Metabolism,3810
wza,G7107_RNA,G7107-MONOMER,Metabolism,3811
pphC,G7111_RNA,G7111-MONOMER,Metabolism,3815
mdtA,G7113_RNA,MDTA,Metabolism,3817
mdtB,G7114_RNA,B2075-MONOMER,Metabolism,3818
mdtC,G7115_RNA,B2076-MONOMER,Metabolism,3819
yegS,G7123_RNA,G7123-MONOMER,Metabolism,3824
fbaB,G7129_RNA,FRUCBISALD-CLASSI-MONOMER,Metabolism,3828
thiD,G7135_RNA,HMP-P-KIN-MONOMER,Metabolism,3834
rcnA,G7138_RNA,G7138-MONOMER,Metabolism,3836
preT,G7145_RNA,G7145-MONOMER,Metabolism,3839
lpxT,G7146_RNA,G7146-MONOMER,Metabolism,3840
mepS,G7147_RNA,G7147-MONOMER,Metabolism,3841
yfaU,G7158_RNA,G7158-MONOMER,Metabolism,3847
rhmD,G7160_RNA,G7160-MONOMER,Metabolism,3849
nudI,G7164_RNA,G7164-MONOMER,Metabolism,3853
arnB,G7166_RNA,G7166-MONOMER,Metabolism,3855
arnC,G7167_RNA,G7167-MONOMER,Metabolism,3856
arnA,G7168_RNA,G7168-MONOMER,Metabolism,3857
arnD,G7169_RNA,G7169-MONOMER,Metabolism,3858
arnT,G7170_RNA,G7170-MONOMER,Metabolism,3859
arnF,G7171_RNA,G7171-MONOMER,Metabolism,3860
rbn,G7175_RNA,G7175-MONOMER,RNA Decay,3864
elaD,G7176_RNA,G7176-MONOMER,Metabolism,3865
alaA,G7184_RNA,G7184-MONOMER,Metabolism,3872
yfbR,G7185_RNA,G7185-MONOMER,Metabolism,3873
hxpA,G7187_RNA,G7187-MONOMER,Metabolism,3875
folX,G7195_RNA,H2NTPEPIM-MONOMER,Metabolism,3883
mnmC,G7199_RNA,G7199-MONOMER,Metabolism,3887
epmC,G7201_RNA,G7201-MONOMER,Metabolism,3889
sixA,G7211_RNA,G7211-MONOMER,Metabolism,3897
fadJ,G7212_RNA,G7212-MONOMER,Metabolism,3898
fadI,G7213_RNA,G7213-MONOMER,Metabolism,3899
yfdH,G7220_RNA,G7220-MONOMER,Metabolism,3906
yfdR,G7230_RNA,G7230-MONOMER,Metabolism,3914
emrK,G7233_RNA,G7233-MONOMER,Metabolism,3917
yfdE,G7234_RNA,G7234-MONOMER,Metabolism,3918
oxc,G7236_RNA,G7236-MONOMER,Metabolism,3920
frc,G7237_RNA,G7237-MONOMER,Metabolism,3921
lpxP,G7241_RNA,PALMITOTRANS-MONOMER,Metabolism,3925
alaC,G7242_RNA,G7242-MONOMER,Metabolism,3926
ypdE,G7247_RNA,G7247-MONOMER,Metabolism,3931
ypdF,G7248_RNA,G7248-MONOMER,Metabolism,3932
mntH,G7254_RNA,YFEP-MONOMER,Metabolism,3937
pdxK,G7259_RNA,PDXK-MONOMER,Metabolism,3942
murQ,G7263_RNA,G7263-MONOMER,Metabolism,3946
murP,G7264_RNA,MONOMER0-5,Metabolism,3947
yfeW,G7265_RNA,G7265-MONOMER,Metabolism,3948
yfeX,G7266_RNA,G7266-MONOMER,Metabolism,3949
eutE,G7285_RNA,G7285-MONOMER,Metabolism,3968
eutD,G7288_RNA,G7288-MONOMER,Metabolism,3971
maeB,G7293_RNA,MALIC-NADP-MONOMER,Metabolism,3976
tmcA,G7297_RNA,G7297-MONOMER,Metabolism,3979
focB,G7309_RNA,FOCB-MONOMER,Metabolism,3990
bepA,G7311_RNA,G7311-MONOMER,Metabolism,3992
pdeF,G7314_RNA,G7314-MONOMER,Metabolism,3995
der,G7319_RNA,G7319-MONOMER,Metabolism,4000
iscU,G7324_RNA,G7324-MONOMER,Metabolism,4005
iscS,G7325_RNA,G7325-MONOMER,Metabolism,4006
trmJ,G7327_RNA,G7327-MONOMER,Metabolism,4008
hcaT,G7330_RNA,HCAT-MONOMER,Metabolism,4011
hcaC,G7334_RNA,HCAC-MONOMER,Metabolism,4013
hcaB,G7335_RNA,PHENPRODIOLDEHYDROG-MONOMER,Metabolism,4014
hcaD,G7336_RNA,HCAD-MONOMER,Metabolism,4015
tapT,G7349_RNA,G7349-MONOMER,Metabolism,4028
patZ,G7350_RNA,G7350-MONOMER,Metabolism,4029
rnlA,G7365_RNA,G7365-MONOMER,RNA Decay,4041
glaH,G7394_RNA,G7394-MONOMER,Metabolism,4059
alaE,G7399_RNA,G7399-MONOMER,Metabolism,4064
ygaZ,G7405_RNA,G7405-MONOMER,Metabolism,4068
ygaH,G7406_RNA,G7406-MONOMER,Metabolism,4069
yqaB,G7408_RNA,G7408-MONOMER,Metabolism,4071
pncC,G7409_RNA,G7409-MONOMER,Metabolism,4072
mltB,G7410_RNA,G7410-MONOMER,Metabolism,4073
norV,G7413_RNA,G7413-MONOMER,Metabolism,4074
pphB,G7415_RNA,G7415-MONOMER,Metabolism,4076
truD,G7422_RNA,G7422-MONOMER,Metabolism,4083
ispD,G7423_RNA,G7423-MONOMER,Metabolism,4084
queD,G7431_RNA,G7431-MONOMER,Metabolism,4092
queE,G7443_RNA,G7443-MONOMER,Metabolism,4102
gudD,G7445_RNA,GLUCARDEHYDRA-MONOMER,Metabolism,4104
gudP,G7447_RNA,B2789-MONOMER,Metabolism,4106
truC,G7449_RNA,G7449-MONOMER,Metabolism,4108
queF,G7452_RNA,G7452-MONOMER,Metabolism,4111
csdA,G7454_RNA,G7454-MONOMER,Metabolism,4113
tcdA,G7456_RNA,G7456-MONOMER,Metabolism,4115
rppH,G7459_RNA,G7459-MONOMER,Metabolism,4118
kduI,G7463_RNA,G7463-MONOMER,Metabolism,4122
xdhA,G7485_RNA,G7485-MONOMER,Metabolism,4136
xdhB,G7486_RNA,G7486-MONOMER,Metabolism,4137
xdhC,G7487_RNA,G7487-MONOMER,Metabolism,4138
ygeX,G7490_RNA,G7490-MONOMER,Metabolism,4141
mocA,G7496_RNA,G7496-MONOMER,Metabolism,4147
xanQ,G7501_RNA,YGFO-MONOMER,Metabolism,4152
guaD,G7502_RNA,G7502-MONOMER,Metabolism,4153
ghxQ,G7503_RNA,G7504-MONOMER,Metabolism,4154
uacT,G7507_RNA,YGFU-MONOMER,Metabolism,4157
idi,G7508_RNA,IPPISOM-MONOMER,Metabolism,4158
yqfB,G7513_RNA,G7513-MONOMER,Metabolism,4163
scpB,G7516_RNA,G7516-MONOMER,Metabolism,4165
scpC,G7517_RNA,G7517-MONOMER,Metabolism,4166
rdgB,G7530_RNA,G7530-MONOMER,Metabolism,4178
mltC,G7533_RNA,G7533-MONOMER,Metabolism,4181
glcA,G7542_RNA,B2975-MONOMER,Metabolism,4189
glcE,G7544_RNA,G7544-MONOMER,Metabolism,4191
glcD,G7545_RNA,G7545-MONOMER,Metabolism,4192
hybO,G7554_RNA,MONOMER0-145,Metabolism,4201
gpr,G7558_RNA,G7558-MONOMER,Metabolism,4203
yqhD,G7564_RNA,G7564-MONOMER,Metabolism,4206
dkgA,G7565_RNA,MONOMER0-148,Metabolism,4207
cpdA,G7579_RNA,G7579-MONOMER,Metabolism,4219
ubiK,G7582_RNA,G7582-MONOMER,Metabolism,4221
hldE,G7590_RNA,G7590-MONOMER,Metabolism,4228
nfeF,G7593_RNA,G7593-MONOMER,Metabolism,4229
patA,G7596_RNA,G7596-MONOMER,Metabolism,4232
rlmG,G7603_RNA,G7603-MONOMER,Metabolism,4238
yqjG,G7616_RNA,G7616-MONOMER,Metabolism,4251
cyuA,G7622_RNA,G7622-MONOMER,Metabolism,4257
tdcG,G7624_RNA,LSERINEDEAM3-MONOMER,Metabolism,4258
agaS,G7634_RNA,G7634-MONOMER,Metabolism,4265
rsmI,G7641_RNA,G7641-MONOMER,Metabolism,4272
yhbO,G7647_RNA,G7647-MONOMER,Metabolism,4278
kdsD,G7662_RNA,G7662-MONOMER,Metabolism,4291
kdsC,G7663_RNA,G7663-MONOMER,Metabolism,4292
lptC,G7664_RNA,G7664-MONOMER,Metabolism,4293
lptA,G7665_RNA,YHBN-MONOMER,Metabolism,4294
nanQ,G7675_RNA,G7675-MONOMER,Metabolism,4302
nanK,G7676_RNA,NANK-MONOMER,Metabolism,4303
nanE,G7677_RNA,NANE-MONOMER,Metabolism,4304
degQ,G7682_RNA,G7682-MONOMER,Metabolism,4309
aaeB,G7685_RNA,G7685-MONOMER,Metabolism,4312
aaeA,G7686_RNA,G7686-MONOMER,Metabolism,4313
tldD,G7689_RNA,G7689-MONOMER,Metabolism,4316
tsaC,G7698_RNA,G7698-MONOMER,Metabolism,4323
gspC,G7702_RNA,G7702-MONOMER,Metabolism,4326
gspD,G7703_RNA,G7703-MONOMER,Metabolism,4327
gspE,G7704_RNA,G7704-MONOMER,Metabolism,4328
gspF,G7705_RNA,G7705-MONOMER,Metabolism,4329
gspG,G7706_RNA,G7706-MONOMER,Metabolism,4330
gspH,G7707_RNA,G7707-MONOMER,Metabolism,4331
gspI,G7708_RNA,G7708-MONOMER,Metabolism,4332
gspJ,G7709_RNA,G7709-MONOMER,Metabolism,4333
gspK,G7710_RNA,G7710-MONOMER,Metabolism,4334
gspL,G7711_RNA,G7711-MONOMER,Metabolism,4335
tusB,G7712_RNA,G7712-MONOMER,Metabolism,4336
tusC,G7713_RNA,G7713-MONOMER,Metabolism,4337
tusD,G7714_RNA,G7714-MONOMER,Metabolism,4338
fkpA,G7716_RNA,G7716-MONOMER,Metabolism,4340
frlB,G7723_RNA,G7723-MONOMER,Metabolism,4346
frlC,G7724_RNA,G7724-MONOMER,Metabolism,4347
frlD,G7726_RNA,G7726-MONOMER,Metabolism,4348
nudE,G7740_RNA,G7740-MONOMER,Metabolism,4362
yrfG,G7742_RNA,G7742-MONOMER,Metabolism,4364
rtcA,G7750_RNA,G7750-MONOMER,Metabolism,4371
rtcB,G7751_RNA,G7751-MONOMER,Metabolism,4372
yhhW,G7756_RNA,G7756-MONOMER,Metabolism,4375
wecF,G7800_RNA,G7800-MONOMER,Metabolism,4387
tatA,G7806_RNA,TATA,Metabolism,4390
tatB,G7808_RNA,G7808-MONOMER,Metabolism,4391
dcuR,G7826_RNA,DCUR-MONOMER,Transcription Regulation,4397
yjeH,G7833_RNA,B4141-MONOMER,Metabolism,4403
epmB,G7836_RNA,G7836-MONOMER,Metabolism,4406
rsgA,G7841_RNA,G7841-MONOMER,Metabolism,4411
orn,G7842_RNA,G7842-MONOMER,RNA Decay,4412
queG,G7843_RNA,G7843-MONOMER,Metabolism,4413
rlmB,G7845_RNA,G7845-MONOMER,Metabolism,4415
yjfP,G7853_RNA,G7853-MONOMER,Metabolism,4423
ulaG,G7855_RNA,G7855-MONOMER,Metabolism,4425
ulaA,G7856_RNA,SGAT-MONOMER,Metabolism,4426
ulaD,G7858_RNA,G7858-MONOMER,Metabolism,4427
ulaE,G7859_RNA,G7859-MONOMER,Metabolism,4428
ulaF,G7860_RNA,G7860-MONOMER,Metabolism,4429
fklB,G7865_RNA,G7865-MONOMER,Metabolism,4433
qorB,G7868_RNA,G7868-MONOMER,Metabolism,4436
lptF,G7888_RNA,G7888-MONOMER,Metabolism,4454
lptG,G7889_RNA,G7889-MONOMER,Metabolism,4455
idnO,G7892_RNA,GLUCONREDUCT-MONOMER,Metabolism,4458
idnD,G7893_RNA,IDONDEHYD-MONOMER,Metabolism,4459
nanY,G7901_RNA,G7901-MONOMER,Metabolism,4464
yjhG,G7910_RNA,G7910-MONOMER,Metabolism,4468
yjhH,G7911_RNA,G7911-MONOMER,Metabolism,4469
nanS,G7919_RNA,G7919-MONOMER,Metabolism,4476
nanM,G7920_RNA,G7920-MONOMER,Metabolism,4477
nanC,G7921_RNA,G7921-MONOMER,Metabolism,4478
iadA,G7925_RNA,G7925-MONOMER,Metabolism,4482
btsT,G7942_RNA,G7942-MONOMER,Metabolism,4496
lgoD,G7945_RNA,G7945-MONOMER,Metabolism,4498
bglJ,G7948_RNA,G7948-MONOMER,Transcription Regulation,4501
rsmC,G7950_RNA,G7950-MONOMER,Metabolism,4503
feaB,G7961_RNA,PHENDEHYD-MONOMER,Metabolism,4508
fruB,G7990_RNA,FRUB-MONOMER,Metabolism,4509
uxaC,G81_RNA,UXAC-MONOMER,Metabolism,4511
nrdG,G812_RNA,RNTRACTIV-MONOMER,Metabolism,4512
srlA,G8210_RNA,G8210-MONOMER,Metabolism,4514
xapA,G85_RNA,XANTHOSINEPHOSPHORY-MONOMER,Metabolism,4515
dgoD,GB4478_RNA,GALACTONATE-DEHYDRATASE-MONOMER,Metabolism,4516
rpe,M004_RNA,RIBULP3EPIM-MONOMER,Metabolism,4517
thiM,M007_RNA,THZ-KIN-MONOMER,Metabolism,4518
hcaE,M009_RNA,PHENYLPRODIOXY-MONOMER,Metabolism,4519
mhpA,M010_RNA,MHPHYDROXY-MONOMER,Metabolism,4520
mhpB,M011_RNA,DHPDIOXYGEN-MONOMER,Metabolism,4521
mhpC,M012_RNA,MHPCHYDROL-MONOMER,Metabolism,4522
mhpD,M013_RNA,MHPDHYDROL-MONOMER,Metabolism,4523
mhpF,M014_RNA,MHPF-MONOMER,Metabolism,4524
hcaF,M015_RNA,HCAA2-MONOMER,Metabolism,4525